time,id,from,at,to,open,close,low,high,volume
2025-11-04 00:09:00,4187648,1762214940,1762215000000000000,1762215000,1.305875,1.306245,1.305805,1.306245,0
2025-11-04 00:10:00,4187649,1762215000,1762215060000000000,1762215060,1.306245,1.306345,1.306095,1.306365,0
2025-11-04 00:11:00,4187650,1762215060,1762215120000000000,1762215120,1.306345,1.306665,1.306345,1.306875,0
2025-11-04 00:12:00,4187651,1762215120,1762215180000000000,1762215180,1.306665,1.307195,1.306635,1.307195,0
2025-11-04 00:13:00,4187652,1762215180,1762215240000000000,1762215240,1.307235,1.307425,1.307235,1.307525,0
2025-11-04 00:14:00,4187653,1762215240,1762215300000000000,1762215300,1.307425,1.308005,1.307355,1.308015,0
2025-11-04 00:15:00,4187654,1762215300,1762215360000000000,1762215360,1.307995,1.308595,1.307885,1.308595,0
2025-11-04 00:16:00,4187655,1762215360,1762215420000000000,1762215420,1.308595,1.308355,1.308285,1.308675,0
2025-11-04 00:17:00,4187656,1762215420,1762215480000000000,1762215480,1.308365,1.307985,1.307945,1.308395,0
2025-11-04 00:18:00,4187657,1762215480,1762215540000000000,1762215540,1.307985,1.307985,1.307685,1.308025,0
2025-11-04 00:19:00,4187658,1762215540,1762215600000000000,1762215600,1.307985,1.307915,1.307825,1.308105,0
2025-11-04 00:20:00,4187659,1762215600,1762215660000000000,1762215660,1.307905,1.307485,1.307465,1.307905,0
2025-11-04 00:21:00,4187660,1762215660,1762215720003208205,1762215720,1.307495,1.307215,1.307175,1.307515,0
2025-11-04 00:22:00,4187661,1762215720,1762215780000000000,1762215780,1.307215,1.306655,1.306655,1.307305,0
2025-11-04 00:23:00,4187662,1762215780,1762215840000000000,1762215840,1.306685,1.306185,1.306185,1.306755,0
2025-11-04 00:24:00,4187663,1762215840,1762215900000000000,1762215900,1.306185,1.306075,1.306035,1.306295,0
2025-11-04 00:25:00,4187664,1762215900,1762215960000000000,1762215960,1.306075,1.306175,1.305945,1.306425,0
2025-11-04 00:26:00,4187665,1762215960,1762216020000000000,1762216020,1.306165,1.306005,1.305985,1.306215,0
2025-11-04 00:27:00,4187666,1762216020,1762216080000000000,1762216080,1.306005,1.306035,1.305915,1.306155,0
2025-11-04 00:28:00,4187667,1762216080,1762216140000000000,1762216140,1.306025,1.306015,1.305725,1.306065,0
2025-11-04 00:29:00,4187668,1762216140,1762216200000000000,1762216200,1.306005,1.306265,1.306005,1.306285,0
2025-11-04 00:30:00,4187669,1762216200,1762216260000000000,1762216260,1.306265,1.306345,1.306265,1.306475,0
2025-11-04 00:31:00,4187670,1762216260,1762216320000000000,1762216320,1.306355,1.306945,1.306355,1.306975,0
2025-11-04 00:32:00,4187671,1762216320,1762216380000000000,1762216380,1.306965,1.307035,1.306845,1.307145,0
2025-11-04 00:33:00,4187672,1762216380,1762216440000000000,1762216440,1.307015,1.307245,1.306915,1.307245,0
2025-11-04 00:34:00,4187673,1762216440,1762216500000000000,1762216500,1.307235,1.307185,1.307065,1.307295,0
2025-11-04 00:35:00,4187674,1762216500,1762216560000000000,1762216560,1.307165,1.306905,1.306715,1.307265,0
2025-11-04 00:36:00,4187675,1762216560,1762216620000000000,1762216620,1.306905,1.307385,1.306865,1.307415,0
2025-11-04 00:37:00,4187676,1762216620,1762216680000000000,1762216680,1.307385,1.308325,1.307385,1.308335,0
2025-11-04 00:38:00,4187677,1762216680,1762216740000000000,1762216740,1.308325,1.308615,1.308325,1.308775,0
2025-11-04 00:39:00,4187678,1762216740,1762216800000000000,1762216800,1.308615,1.308605,1.308405,1.308745,0
2025-11-04 00:40:00,4187679,1762216800,1762216860000000000,1762216860,1.308615,1.308395,1.308355,1.308625,0
2025-11-04 00:41:00,4187680,1762216860,1762216920000000000,1762216920,1.308405,1.308085,1.307995,1.308425,0
2025-11-04 00:42:00,4187681,1762216920,1762216980000000000,1762216980,1.308095,1.308275,1.308045,1.308565,0
2025-11-04 00:43:00,4187682,1762216980,1762217040000000000,1762217040,1.308285,1.307615,1.307525,1.308395,0
2025-11-04 00:44:00,4187683,1762217040,1762217100000000000,1762217100,1.307615,1.307765,1.307605,1.307875,0
2025-11-04 00:45:00,4187684,1762217100,1762217160000000000,1762217160,1.307745,1.307755,1.307455,1.307855,0
2025-11-04 00:46:00,4187685,1762217160,1762217220000000000,1762217220,1.307755,1.308225,1.307735,1.308225,0
2025-11-04 00:47:00,4187686,1762217220,1762217280000000000,1762217280,1.308225,1.308005,1.307915,1.308235,0
2025-11-04 00:48:00,4187687,1762217280,1762217340000000000,1762217340,1.308045,1.307725,1.307695,1.308065,0
2025-11-04 00:49:00,4187688,1762217340,1762217400000000000,1762217400,1.307745,1.308095,1.307745,1.308125,0
2025-11-04 00:50:00,4187689,1762217400,1762217460000000000,1762217460,1.308095,1.308245,1.308025,1.308285,0
2025-11-04 00:51:00,4187690,1762217460,1762217520000000000,1762217520,1.308235,1.308675,1.308225,1.308715,0
2025-11-04 00:52:00,4187691,1762217520,1762217580000000000,1762217580,1.308675,1.308565,1.308455,1.308765,0
2025-11-04 00:53:00,4187692,1762217580,1762217640000000000,1762217640,1.308575,1.308395,1.308205,1.308575,0
2025-11-04 00:54:00,4187693,1762217640,1762217700000000000,1762217700,1.308395,1.308595,1.308355,1.308765,0
2025-11-04 00:55:00,4187694,1762217700,1762217760000000000,1762217760,1.308575,1.308885,1.308555,1.308895,0
2025-11-04 00:56:00,4187695,1762217760,1762217820000000000,1762217820,1.308905,1.308865,1.308545,1.309085,0
2025-11-04 00:57:00,4187696,1762217820,1762217880000000000,1762217880,1.308865,1.308715,1.308535,1.308875,0
2025-11-04 00:58:00,4187697,1762217880,1762217940000000000,1762217940,1.308705,1.308825,1.308415,1.308895,0
2025-11-04 00:59:00,4187698,1762217940,1762218000000000000,1762218000,1.308835,1.308785,1.308705,1.308995,0
2025-11-04 01:00:00,4187699,1762218000,1762218060000000000,1762218060,1.308785,1.309075,1.308765,1.309215,0
2025-11-04 01:01:00,4187700,1762218060,1762218120000000000,1762218120,1.309055,1.309165,1.309035,1.309245,0
2025-11-04 01:02:00,4187701,1762218120,1762218180000000000,1762218180,1.309135,1.308955,1.308935,1.309345,0
2025-11-04 01:03:00,4187702,1762218180,1762218240000000000,1762218240,1.308955,1.308775,1.308605,1.308975,0
2025-11-04 01:04:00,4187703,1762218240,1762218300000000000,1762218300,1.308775,1.308505,1.308345,1.308795,0
2025-11-04 01:05:00,4187704,1762218300,1762218360000000000,1762218360,1.308505,1.308505,1.308405,1.308705,0
2025-11-04 01:06:00,4187705,1762218360,1762218420000000000,1762218420,1.308605,1.308965,1.308565,1.309015,0
2025-11-04 01:07:00,4187706,1762218420,1762218480000000000,1762218480,1.308975,1.309255,1.308945,1.309255,0
2025-11-04 01:08:00,4187707,1762218480,1762218540000000000,1762218540,1.309255,1.309765,1.309255,1.309955,0
2025-11-04 01:09:00,4187708,1762218540,1762218600000000000,1762218600,1.309785,1.310235,1.309775,1.310345,0
2025-11-04 01:10:00,4187709,1762218600,1762218660000000000,1762218660,1.310235,1.310605,1.310225,1.310625,0
2025-11-04 01:11:00,4187710,1762218660,1762218720000000000,1762218720,1.310605,1.310465,1.310435,1.310715,0
2025-11-04 01:12:00,4187711,1762218720,1762218780000000000,1762218780,1.310455,1.310665,1.310225,1.310665,0
2025-11-04 01:13:00,4187712,1762218780,1762218840000000000,1762218840,1.310705,1.310665,1.310605,1.310915,0
2025-11-04 01:14:00,4187713,1762218840,1762218900000000000,1762218900,1.310665,1.310955,1.310625,1.310975,0
2025-11-04 01:15:00,4187714,1762218900,1762218960000000000,1762218960,1.310955,1.310545,1.310545,1.311075,0
2025-11-04 01:16:00,4187715,1762218960,1762219020003905932,1762219020,1.310535,1.310695,1.310515,1.310875,0
2025-11-04 01:17:00,4187716,1762219020,1762219080000000000,1762219080,1.310695,1.310775,1.310485,1.310805,0
2025-11-04 01:18:00,4187717,1762219080,1762219140000000000,1762219140,1.310775,1.311165,1.310725,1.311275,0
2025-11-04 01:19:00,4187718,1762219140,1762219200000000000,1762219200,1.311165,1.311795,1.311155,1.311795,0
2025-11-04 01:20:00,4187719,1762219200,1762219260000000000,1762219260,1.311835,1.312045,1.311565,1.312255,0
2025-11-04 01:21:00,4187720,1762219260,1762219320000000000,1762219320,1.312035,1.312125,1.311925,1.312265,0
2025-11-04 01:22:00,4187721,1762219320,1762219380000000000,1762219380,1.312125,1.312455,1.312065,1.312465,0
2025-11-04 01:23:00,4187722,1762219380,1762219440000000000,1762219440,1.312455,1.312425,1.312355,1.312715,0
2025-11-04 01:24:00,4187723,1762219440,1762219500000000000,1762219500,1.312445,1.312065,1.311935,1.312465,0
2025-11-04 01:25:00,4187724,1762219500,1762219560000000000,1762219560,1.312055,1.312415,1.312055,1.312415,0
2025-11-04 01:26:00,4187725,1762219560,1762219620000000000,1762219620,1.312405,1.312585,1.312345,1.312735,0
2025-11-04 01:27:00,4187726,1762219620,1762219680000000000,1762219680,1.312585,1.312465,1.312345,1.312685,0
2025-11-04 01:28:00,4187727,1762219680,1762219740000000000,1762219740,1.312485,1.312505,1.312305,1.312525,0
2025-11-04 01:29:00,4187728,1762219740,1762219800000000000,1762219800,1.312505,1.312455,1.312455,1.312775,0
2025-11-04 01:30:00,4187729,1762219800,1762219860000000000,1762219860,1.312475,1.312355,1.312315,1.312685,0
2025-11-04 01:31:00,4187730,1762219860,1762219920000000000,1762219920,1.312355,1.312705,1.312095,1.312805,0
2025-11-04 01:32:00,4187731,1762219920,1762219980000000000,1762219980,1.312755,1.312635,1.312495,1.312805,0
2025-11-04 01:33:00,4187732,1762219980,1762220040000000000,1762220040,1.312625,1.312795,1.312525,1.312865,0
2025-11-04 01:34:00,4187733,1762220040,1762220100000000000,1762220100,1.312795,1.312755,1.312585,1.313005,0
2025-11-04 01:35:00,4187734,1762220100,1762220160000000000,1762220160,1.312745,1.312185,1.312105,1.312745,0
2025-11-04 01:36:00,4187735,1762220160,1762220220000000000,1762220220,1.312155,1.311825,1.311805,1.312225,0
2025-11-04 01:37:00,4187736,1762220220,1762220280000000000,1762220280,1.311795,1.312505,1.311795,1.312615,0
2025-11-04 01:38:00,4187737,1762220280,1762220340000000000,1762220340,1.312505,1.312345,1.312285,1.312595,0
2025-11-04 01:39:00,4187738,1762220340,1762220400000000000,1762220400,1.312335,1.311935,1.311925,1.312365,0
2025-11-04 01:40:00,4187739,1762220400,1762220460000000000,1762220460,1.311945,1.311925,1.311835,1.312095,0
2025-11-04 01:41:00,4187740,1762220460,1762220520000000000,1762220520,1.311915,1.311965,1.311815,1.312105,0
2025-11-04 01:42:00,4187741,1762220520,1762220580000000000,1762220580,1.311915,1.311975,1.311715,1.312105,0
2025-11-04 01:43:00,4187742,1762220580,1762220640000000000,1762220640,1.311975,1.311965,1.311665,1.312155,0
2025-11-04 01:44:00,4187743,1762220640,1762220700000000000,1762220700,1.311965,1.311345,1.311315,1.311965,0
2025-11-04 01:45:00,4187744,1762220700,1762220760000000000,1762220760,1.311345,1.311055,1.311025,1.311465,0
2025-11-04 01:46:00,4187745,1762220760,1762220820000000000,1762220820,1.311075,1.310935,1.310815,1.311125,0
2025-11-04 01:47:00,4187746,1762220820,1762220880000000000,1762220880,1.310935,1.311105,1.310905,1.311315,0
2025-11-04 01:48:00,4187747,1762220880,1762220940000000000,1762220940,1.311105,1.311375,1.310965,1.311445,0
2025-11-04 01:49:00,4187748,1762220940,1762221000000000000,1762221000,1.311375,1.311255,1.310885,1.311455,0
2025-11-04 01:50:00,4187749,1762221000,1762221060000000000,1762221060,1.311255,1.310755,1.310755,1.311255,0
2025-11-04 01:51:00,4187750,1762221060,1762221120000000000,1762221120,1.310755,1.310715,1.310605,1.310795,0
2025-11-04 01:52:00,4187751,1762221120,1762221180000000000,1762221180,1.310705,1.310875,1.310385,1.310875,0
2025-11-04 01:53:00,4187752,1762221180,1762221240002773431,1762221240,1.310875,1.310855,1.310805,1.311135,0
2025-11-04 01:54:00,4187753,1762221240,1762221300000000000,1762221300,1.310855,1.310955,1.310805,1.311105,0
2025-11-04 01:55:00,4187754,1762221300,1762221360000000000,1762221360,1.310955,1.310845,1.310795,1.311105,0
2025-11-04 01:56:00,4187755,1762221360,1762221420000000000,1762221420,1.310855,1.310665,1.310605,1.310905,0
2025-11-04 01:57:00,4187756,1762221420,1762221480000000000,1762221480,1.310665,1.310555,1.310445,1.310715,0
2025-11-04 01:58:00,4187757,1762221480,1762221540000000000,1762221540,1.310545,1.310755,1.310365,1.310755,0
2025-11-04 01:59:00,4187758,1762221540,1762221600000000000,1762221600,1.310775,1.310725,1.310485,1.310825,0
2025-11-04 02:00:00,4187759,1762221600,1762221660000000000,1762221660,1.310725,1.310465,1.310455,1.310735,0
2025-11-04 02:01:00,4187760,1762221660,1762221720000000000,1762221720,1.310405,1.310135,1.310135,1.310425,0
2025-11-04 02:02:00,4187761,1762221720,1762221780000000000,1762221780,1.310145,1.310055,1.309865,1.310355,0
2025-11-04 02:03:00,4187762,1762221780,1762221840000000000,1762221840,1.310055,1.309825,1.309645,1.310205,0
2025-11-04 02:04:00,4187763,1762221840,1762221900000000000,1762221900,1.309825,1.309695,1.309625,1.309875,0
2025-11-04 02:05:00,4187764,1762221900,1762221960000000000,1762221960,1.309675,1.309865,1.309485,1.310005,0
2025-11-04 02:06:00,4187765,1762221960,1762222020000000000,1762222020,1.309865,1.310345,1.309825,1.310355,0
2025-11-04 02:07:00,4187766,1762222020,1762222080000000000,1762222080,1.310385,1.310355,1.310205,1.310405,0
2025-11-04 02:08:00,4187767,1762222080,1762222140000000000,1762222140,1.310305,1.310135,1.310095,1.310305,0
2025-11-04 02:09:00,4187768,1762222140,1762222200000000000,1762222200,1.310135,1.309975,1.309875,1.310245,0
2025-11-04 02:10:00,4187769,1762222200,1762222260000000000,1762222260,1.309985,1.309735,1.309735,1.310055,0
2025-11-04 02:11:00,4187770,1762222260,1762222320000000000,1762222320,1.309685,1.309855,1.309615,1.310155,0
2025-11-04 02:12:00,4187771,1762222320,1762222380000000000,1762222380,1.309865,1.310595,1.309685,1.310615,0
2025-11-04 02:13:00,4187772,1762222380,1762222440000000000,1762222440,1.310585,1.310875,1.310425,1.310875,0
2025-11-04 02:14:00,4187773,1762222440,1762222500000000000,1762222500,1.310865,1.310735,1.310705,1.310995,0
2025-11-04 02:15:00,4187774,1762222500,1762222560000000000,1762222560,1.310745,1.310465,1.310355,1.310745,0
2025-11-04 02:16:00,4187775,1762222560,1762222620000000000,1762222620,1.310455,1.310275,1.310225,1.310655,0
2025-11-04 02:17:00,4187776,1762222620,1762222680000000000,1762222680,1.310255,1.310315,1.310215,1.310535,0
2025-11-04 02:18:00,4187777,1762222680,1762222740000000000,1762222740,1.310315,1.309995,1.309885,1.310315,0
2025-11-04 02:19:00,4187778,1762222740,1762222800000000000,1762222800,1.310005,1.310205,1.309975,1.310505,0
2025-11-04 02:20:00,4187779,1762222800,1762222860000000000,1762222860,1.310215,1.310185,1.310135,1.310475,0
2025-11-04 02:21:00,4187780,1762222860,1762222920000000000,1762222920,1.310165,1.309765,1.309635,1.310175,0
2025-11-04 02:22:00,4187781,1762222920,1762222980000000000,1762222980,1.309775,1.309985,1.309585,1.310025,0
2025-11-04 02:23:00,4187782,1762222980,1762223040000000000,1762223040,1.310025,1.309885,1.309805,1.310205,0
2025-11-04 02:24:00,4187783,1762223040,1762223100000000000,1762223100,1.309865,1.310115,1.309725,1.310125,0
2025-11-04 02:25:00,4187784,1762223100,1762223160000000000,1762223160,1.310115,1.309825,1.309795,1.310115,0
2025-11-04 02:26:00,4187785,1762223160,1762223220000000000,1762223220,1.309835,1.309315,1.309195,1.309835,0
2025-11-04 02:27:00,4187786,1762223220,1762223280000000000,1762223280,1.309315,1.308845,1.308795,1.309325,0
2025-11-04 02:28:00,4187787,1762223280,1762223340000000000,1762223340,1.308845,1.308885,1.308715,1.308995,0
2025-11-04 02:29:00,4187788,1762223340,1762223400000000000,1762223400,1.308885,1.309145,1.308825,1.309325,0
2025-11-04 02:30:00,4187789,1762223400,1762223460000000000,1762223460,1.309155,1.309195,1.308955,1.309375,0
2025-11-04 02:31:00,4187790,1762223460,1762223520000000000,1762223520,1.309175,1.308735,1.308605,1.309195,0
2025-11-04 02:32:00,4187791,1762223520,1762223580000000000,1762223580,1.308735,1.308775,1.308675,1.308905,0
2025-11-04 02:33:00,4187792,1762223580,1762223640000000000,1762223640,1.308775,1.308705,1.308695,1.309125,0
2025-11-04 02:34:00,4187793,1762223640,1762223700000000000,1762223700,1.308695,1.308855,1.308675,1.309135,0
2025-11-04 02:35:00,4187794,1762223700,1762223760000000000,1762223760,1.308845,1.308645,1.308615,1.309005,0
2025-11-04 02:36:00,4187795,1762223760,1762223820000000000,1762223820,1.308655,1.308125,1.308125,1.308715,0
2025-11-04 02:37:00,4187796,1762223820,1762223880000000000,1762223880,1.308055,1.307855,1.307645,1.308115,0
2025-11-04 02:38:00,4187797,1762223880,1762223940000000000,1762223940,1.307875,1.307845,1.307765,1.308085,0
2025-11-04 02:39:00,4187798,1762223940,1762224000000000000,1762224000,1.307845,1.307405,1.307375,1.308075,0
2025-11-04 02:40:00,4187799,1762224000,1762224060000000000,1762224060,1.307405,1.307425,1.307235,1.307655,0
2025-11-04 02:41:00,4187800,1762224060,1762224120000000000,1762224120,1.307425,1.307485,1.307405,1.307575,0
2025-11-04 02:42:00,4187801,1762224120,1762224180000000000,1762224180,1.307505,1.307395,1.307295,1.307635,0
2025-11-04 02:43:00,4187802,1762224180,1762224240000000000,1762224240,1.307385,1.307005,1.306995,1.307405,0
2025-11-04 02:44:00,4187803,1762224240,1762224300000000000,1762224300,1.307015,1.307195,1.307015,1.307465,0
2025-11-04 02:45:00,4187804,1762224300,1762224360000000000,1762224360,1.307185,1.307585,1.307165,1.307595,0
2025-11-04 02:46:00,4187805,1762224360,1762224420000000000,1762224420,1.307595,1.307825,1.307595,1.307995,0
2025-11-04 02:47:00,4187806,1762224420,1762224480000000000,1762224480,1.307825,1.307515,1.307435,1.307825,0
2025-11-04 02:48:00,4187807,1762224480,1762224540000000000,1762224540,1.307575,1.306775,1.306705,1.307605,0
2025-11-04 02:49:00,4187808,1762224540,1762224600000000000,1762224600,1.306765,1.307545,1.306765,1.307705,0
2025-11-04 02:50:00,4187809,1762224600,1762224660000000000,1762224660,1.307545,1.308055,1.307495,1.308115,0
2025-11-04 02:51:00,4187810,1762224660,1762224720000000000,1762224720,1.308045,1.308375,1.307925,1.308445,0
2025-11-04 02:52:00,4187811,1762224720,1762224780000000000,1762224780,1.308375,1.308315,1.308225,1.308465,0
2025-11-04 02:53:00,4187812,1762224780,1762224840000000000,1762224840,1.308355,1.308425,1.308265,1.308605,0
2025-11-04 02:54:00,4187813,1762224840,1762224900000000000,1762224900,1.308415,1.308725,1.308415,1.308805,0
2025-11-04 02:55:00,4187814,1762224900,1762224960000000000,1762224960,1.308745,1.308285,1.308285,1.308875,0
2025-11-04 02:56:00,4187815,1762224960,1762225020000000000,1762225020,1.308295,1.308405,1.308225,1.308475,0
2025-11-04 02:57:00,4187816,1762225020,1762225080000000000,1762225080,1.308395,1.308515,1.308355,1.308535,0
2025-11-04 02:58:00,4187817,1762225080,1762225140000000000,1762225140,1.308505,1.308185,1.308165,1.308585,0
2025-11-04 02:59:00,4187818,1762225140,1762225200000000000,1762225200,1.308185,1.307985,1.307845,1.308185,0
2025-11-04 03:00:00,4187819,1762225200,1762225260000000000,1762225260,1.307995,1.307625,1.307615,1.308035,0
2025-11-04 03:01:00,4187820,1762225260,1762225320000000000,1762225320,1.307615,1.307825,1.307615,1.307895,0
2025-11-04 03:02:00,4187821,1762225320,1762225380000000000,1762225380,1.307665,1.306695,1.306695,1.307705,0
2025-11-04 03:03:00,4187822,1762225380,1762225440000000000,1762225440,1.306685,1.306495,1.306495,1.306965,0
2025-11-04 03:04:00,4187823,1762225440,1762225500000000000,1762225500,1.306495,1.306845,1.306355,1.306845,0
2025-11-04 03:05:00,4187824,1762225500,1762225560000000000,1762225560,1.306815,1.306475,1.306385,1.306875,0
2025-11-04 03:06:00,4187825,1762225560,1762225620000000000,1762225620,1.306465,1.306705,1.306365,1.306705,0
2025-11-04 03:07:00,4187826,1762225620,1762225680000000000,1762225680,1.306715,1.307005,1.306595,1.307005,0
2025-11-04 03:08:00,4187827,1762225680,1762225740000000000,1762225740,1.306995,1.306365,1.306295,1.307035,0
2025-11-04 03:09:00,4187828,1762225740,1762225800000000000,1762225800,1.306365,1.306475,1.306335,1.306615,0
2025-11-04 03:10:00,4187829,1762225800,1762225860000000000,1762225860,1.306445,1.306495,1.306255,1.306665,0
2025-11-04 03:11:00,4187830,1762225860,1762225920000000000,1762225920,1.306505,1.306225,1.306215,1.306545,0
2025-11-04 03:12:00,4187831,1762225920,1762225980000000000,1762225980,1.306225,1.306295,1.306135,1.306305,0
2025-11-04 03:13:00,4187832,1762225980,1762226040000000000,1762226040,1.306295,1.306485,1.306205,1.306485,0
2025-11-04 03:14:00,4187833,1762226040,1762226100000000000,1762226100,1.306485,1.307025,1.306455,1.307105,0
2025-11-04 03:15:00,4187834,1762226100,1762226160000000000,1762226160,1.307095,1.306985,1.306755,1.307095,0
2025-11-04 03:16:00,4187835,1762226160,1762226220000000000,1762226220,1.306985,1.306545,1.306445,1.307065,0
2025-11-04 03:17:00,4187836,1762226220,1762226280000000000,1762226280,1.306535,1.306275,1.306215,1.306555,0
2025-11-04 03:18:00,4187837,1762226280,1762226340000000000,1762226340,1.306255,1.306445,1.306235,1.306525,0
2025-11-04 03:19:00,4187838,1762226340,1762226400000000000,1762226400,1.306445,1.306225,1.306075,1.306475,0
2025-11-04 03:20:00,4187839,1762226400,1762226460000000000,1762226460,1.306225,1.305745,1.305705,1.306265,0
2025-11-04 03:21:00,4187840,1762226460,1762226520000000000,1762226520,1.305865,1.306235,1.305865,1.306345,0
2025-11-04 03:22:00,4187841,1762226520,1762226580000000000,1762226580,1.306245,1.306065,1.305835,1.306245,0
2025-11-04 03:23:00,4187842,1762226580,1762226640000000000,1762226640,1.306055,1.305855,1.305855,1.306225,0
2025-11-04 03:24:00,4187843,1762226640,1762226700000000000,1762226700,1.305845,1.305255,1.305215,1.305895,0
2025-11-04 03:25:00,4187844,1762226700,1762226760000000000,1762226760,1.305255,1.305215,1.305215,1.305415,0
2025-11-04 03:26:00,4187845,1762226760,1762226820000000000,1762226820,1.305225,1.305545,1.305225,1.305565,0
2025-11-04 03:27:00,4187846,1762226820,1762226880000000000,1762226880,1.305635,1.305875,1.305535,1.305875,0
2025-11-04 03:28:00,4187847,1762226880,1762226940000000000,1762226940,1.305885,1.305925,1.305765,1.306065,0
2025-11-04 03:29:00,4187848,1762226940,1762227000000000000,1762227000,1.305825,1.305605,1.305345,1.305865,0
2025-11-04 03:30:00,4187849,1762227000,1762227060000000000,1762227060,1.305555,1.305455,1.305385,1.305815,0
2025-11-04 03:31:00,4187850,1762227060,1762227120000000000,1762227120,1.305435,1.305185,1.305175,1.305635,0
2025-11-04 03:32:00,4187851,1762227120,1762227180000000000,1762227180,1.305185,1.304765,1.304715,1.305275,0
2025-11-04 03:33:00,4187852,1762227180,1762227240000000000,1762227240,1.304695,1.304915,1.304635,1.305005,0
2025-11-04 03:34:00,4187853,1762227240,1762227300000000000,1762227300,1.304975,1.304805,1.304805,1.305255,0
2025-11-04 03:35:00,4187854,1762227300,1762227360000000000,1762227360,1.304845,1.304685,1.304685,1.305025,0
2025-11-04 03:36:00,4187855,1762227360,1762227420000000000,1762227420,1.304685,1.304595,1.304475,1.304765,0
2025-11-04 03:37:00,4187856,1762227420,1762227480000000000,1762227480,1.304595,1.304655,1.304535,1.304855,0
2025-11-04 03:38:00,4187857,1762227480,1762227540000000000,1762227540,1.304645,1.304115,1.304105,1.304705,0
2025-11-04 03:39:00,4187858,1762227540,1762227600000000000,1762227600,1.304105,1.303955,1.303805,1.304185,0
2025-11-04 03:40:00,4187859,1762227600,1762227660000000000,1762227660,1.303955,1.303815,1.303795,1.304045,0
2025-11-04 03:41:00,4187860,1762227660,1762227720000000000,1762227720,1.303815,1.303935,1.303785,1.304005,0
2025-11-04 03:42:00,4187861,1762227720,1762227780000000000,1762227780,1.303935,1.303985,1.303935,1.304215,0
2025-11-04 03:43:00,4187862,1762227780,1762227840000000000,1762227840,1.304045,1.304215,1.304005,1.304355,0
2025-11-04 03:44:00,4187863,1762227840,1762227900000000000,1762227900,1.304195,1.304245,1.304125,1.304405,0
2025-11-04 03:45:00,4187864,1762227900,1762227960000000000,1762227960,1.304235,1.303505,1.303495,1.304255,0
2025-11-04 03:46:00,4187865,1762227960,1762228020000000000,1762228020,1.303515,1.303425,1.303115,1.303525,0
2025-11-04 03:47:00,4187866,1762228020,1762228080000000000,1762228080,1.303415,1.303975,1.303365,1.304015,0
2025-11-04 03:48:00,4187867,1762228080,1762228140000000000,1762228140,1.303885,1.304075,1.303735,1.304115,0
2025-11-04 03:49:00,4187868,1762228140,1762228200000000000,1762228200,1.304075,1.303965,1.303955,1.304195,0
2025-11-04 03:50:00,4187869,1762228200,1762228260000000000,1762228260,1.303965,1.303755,1.303605,1.304195,0
2025-11-04 03:51:00,4187870,1762228260,1762228320000000000,1762228320,1.303755,1.303595,1.303465,1.303755,0
2025-11-04 03:52:00,4187871,1762228320,1762228380000000000,1762228380,1.303595,1.303645,1.303585,1.303735,0
2025-11-04 03:53:00,4187872,1762228380,1762228440000000000,1762228440,1.303635,1.304005,1.303605,1.304045,0
2025-11-04 03:54:00,4187873,1762228440,1762228500000000000,1762228500,1.304005,1.304205,1.303995,1.304355,0
2025-11-04 03:55:00,4187874,1762228500,1762228560000000000,1762228560,1.304205,1.303835,1.303575,1.304215,0
2025-11-04 03:56:00,4187875,1762228560,1762228620000000000,1762228620,1.303805,1.303735,1.303375,1.303955,0
2025-11-04 03:57:00,4187876,1762228620,1762228680000000000,1762228680,1.303705,1.303875,1.303575,1.303915,0
2025-11-04 03:58:00,4187877,1762228680,1762228740000000000,1762228740,1.303875,1.304155,1.303785,1.304265,0
2025-11-04 03:59:00,4187878,1762228740,1762229100000000000,1762228800,1.304155,1.304285,1.304125,1.304335,0
2025-11-04 04:05:00,4187879,1762229100,1762229160000000000,1762229160,1.304285,1.304285,1.304285,1.304285,0
2025-11-04 04:06:00,4187880,1762229160,1762229220000000000,1762229220,1.304285,1.304285,1.304285,1.304285,0
2025-11-04 04:07:00,4187881,1762229220,1762229280000000000,1762229280,1.304285,1.312695,1.304285,1.312725,0
2025-11-04 04:08:00,4187882,1762229280,1762229340000000000,1762229340,1.312685,1.313155,1.312635,1.313305,0
2025-11-04 04:09:00,4187883,1762229340,1762229400000000000,1762229400,1.313175,1.312825,1.312745,1.313255,0
2025-11-04 04:10:00,4187884,1762229400,1762229460000000000,1762229460,1.312825,1.312905,1.312635,1.313075,0
2025-11-04 04:11:00,4187885,1762229460,1762229520000000000,1762229520,1.312945,1.313435,1.312925,1.313435,0
2025-11-04 04:12:00,4187886,1762229520,1762229580000000000,1762229580,1.313435,1.312675,1.312675,1.313435,0
2025-11-04 04:13:00,4187887,1762229580,1762229640000000000,1762229640,1.312695,1.312725,1.312345,1.312745,0
2025-11-04 04:14:00,4187888,1762229640,1762229700000000000,1762229700,1.312725,1.312545,1.312505,1.312845,0
2025-11-04 04:15:00,4187889,1762229700,1762229760000000000,1762229760,1.312545,1.312385,1.312285,1.312565,0
2025-11-04 04:16:00,4187890,1762229760,1762229820000000000,1762229820,1.312395,1.313295,1.312255,1.313305,0
2025-11-04 04:17:00,4187891,1762229820,1762229880000000000,1762229880,1.313305,1.313675,1.313235,1.313705,0
2025-11-04 04:18:00,4187892,1762229880,1762229940000000000,1762229940,1.313675,1.314155,1.313615,1.314325,0
2025-11-04 04:19:00,4187893,1762229940,1762230000000000000,1762230000,1.314155,1.314045,1.313995,1.314425,0
2025-11-04 04:20:00,4187894,1762230000,1762230060000000000,1762230060,1.314055,1.314155,1.313965,1.314245,0
2025-11-04 04:21:00,4187895,1762230060,1762230120000000000,1762230120,1.314095,1.314245,1.314085,1.314325,0
2025-11-04 04:22:00,4187896,1762230120,1762230180000000000,1762230180,1.314245,1.314145,1.314055,1.314265,0
2025-11-04 04:23:00,4187897,1762230180,1762230240000000000,1762230240,1.314155,1.314105,1.314025,1.314265,0
2025-11-04 04:24:00,4187898,1762230240,1762230300000000000,1762230300,1.314105,1.314345,1.313945,1.314395,0
2025-11-04 04:25:00,4187899,1762230300,1762230360000000000,1762230360,1.314375,1.314305,1.314205,1.314445,0
2025-11-04 04:26:00,4187900,1762230360,1762230420000000000,1762230420,1.314295,1.314375,1.314255,1.314605,0
2025-11-04 04:27:00,4187901,1762230420,1762230480000000000,1762230480,1.314375,1.314685,1.314325,1.314705,0
2025-11-04 04:28:00,4187902,1762230480,1762230540000000000,1762230540,1.314695,1.315165,1.314695,1.315305,0
2025-11-04 04:29:00,4187903,1762230540,1762230600000000000,1762230600,1.315185,1.314955,1.314925,1.315235,0
2025-11-04 04:30:00,4187904,1762230600,1762230660000000000,1762230660,1.314905,1.315075,1.314865,1.315285,0
2025-11-04 04:31:00,4187905,1762230660,1762230720000000000,1762230720,1.315105,1.315555,1.315035,1.315585,0
2025-11-04 04:32:00,4187906,1762230720,1762230780000000000,1762230780,1.315525,1.315095,1.314965,1.315585,0
2025-11-04 04:33:00,4187907,1762230780,1762230840000000000,1762230840,1.315115,1.315005,1.314895,1.315185,0
2025-11-04 04:34:00,4187908,1762230840,1762230900000000000,1762230900,1.315005,1.314765,1.314665,1.315035,0
2025-11-04 04:35:00,4187909,1762230900,1762230960000000000,1762230960,1.314745,1.315375,1.314675,1.315385,0
2025-11-04 04:36:00,4187910,1762230960,1762231020000000000,1762231020,1.315365,1.315105,1.315075,1.315575,0
2025-11-04 04:37:00,4187911,1762231020,1762231080000000000,1762231080,1.315105,1.315445,1.314985,1.315625,0
2025-11-04 04:38:00,4187912,1762231080,1762231140000000000,1762231140,1.315445,1.315355,1.315285,1.315455,0
2025-11-04 04:39:00,4187913,1762231140,1762231200000000000,1762231200,1.315365,1.315225,1.315215,1.315575,0
2025-11-04 04:40:00,4187914,1762231200,1762231260000000000,1762231260,1.315205,1.315465,1.315155,1.315495,0
2025-11-04 04:41:00,4187915,1762231260,1762231320000000000,1762231320,1.315465,1.315355,1.315205,1.315755,0
2025-11-04 04:42:00,4187916,1762231320,1762231380000000000,1762231380,1.315385,1.315405,1.315125,1.315425,0
2025-11-04 04:43:00,4187917,1762231380,1762231440000000000,1762231440,1.315405,1.315415,1.315175,1.315585,0
2025-11-04 04:44:00,4187918,1762231440,1762231500000000000,1762231500,1.315445,1.315105,1.315085,1.315495,0
2025-11-04 04:45:00,4187919,1762231500,1762231560000000000,1762231560,1.315105,1.314905,1.314895,1.315345,0
2025-11-04 04:46:00,4187920,1762231560,1762231620000000000,1762231620,1.314945,1.315095,1.314675,1.315095,0
2025-11-04 04:47:00,4187921,1762231620,1762231680000000000,1762231680,1.315105,1.314975,1.314875,1.315285,0
2025-11-04 04:48:00,4187922,1762231680,1762231740000000000,1762231740,1.314995,1.315125,1.314865,1.315165,0
2025-11-04 04:49:00,4187923,1762231740,1762231800000000000,1762231800,1.315125,1.315205,1.315075,1.315325,0
2025-11-04 04:50:00,4187924,1762231800,1762231860000000000,1762231860,1.315195,1.315105,1.315015,1.315235,0
2025-11-04 04:51:00,4187925,1762231860,1762231920000000000,1762231920,1.315095,1.315245,1.315025,1.315275,0
2025-11-04 04:52:00,4187926,1762231920,1762231980000000000,1762231980,1.315255,1.315095,1.315015,1.315325,0
2025-11-04 04:53:00,4187927,1762231980,1762232040000000000,1762232040,1.315085,1.315325,1.314915,1.315365,0
2025-11-04 04:54:00,4187928,1762232040,1762232100000000000,1762232100,1.315345,1.315515,1.314925,1.315545,0
2025-11-04 04:55:00,4187929,1762232100,1762232160000000000,1762232160,1.315515,1.315465,1.315245,1.315525,0
2025-11-04 04:56:00,4187930,1762232160,1762232220000000000,1762232220,1.315465,1.315735,1.315375,1.315785,0
2025-11-04 04:57:00,4187931,1762232220,1762232280000000000,1762232280,1.315745,1.315955,1.315555,1.315955,0
2025-11-04 04:58:00,4187932,1762232280,1762232340000000000,1762232340,1.315985,1.315815,1.315625,1.315995,0
2025-11-04 04:59:00,4187933,1762232340,1762232400000000000,1762232400,1.315825,1.315635,1.315485,1.315845,0
2025-11-04 05:00:00,4187934,1762232400,1762232460000000000,1762232460,1.315575,1.315785,1.315455,1.315845,0
2025-11-04 05:01:00,4187935,1762232460,1762232520000000000,1762232520,1.315815,1.315885,1.315675,1.315945,0
2025-11-04 05:02:00,4187936,1762232520,1762232580000000000,1762232580,1.315895,1.316455,1.315855,1.316495,0
2025-11-04 05:03:00,4187937,1762232580,1762232640000000000,1762232640,1.316455,1.316555,1.316385,1.316635,0
2025-11-04 05:04:00,4187938,1762232640,1762232700000000000,1762232700,1.316495,1.316385,1.316255,1.316575,0
2025-11-04 05:05:00,4187939,1762232700,1762232760002042990,1762232760,1.316415,1.316255,1.316245,1.316695,0
2025-11-04 05:06:00,4187940,1762232760,1762232820000000000,1762232820,1.316245,1.316535,1.316115,1.316535,0
2025-11-04 05:07:00,4187941,1762232820,1762232880000000000,1762232880,1.316535,1.316515,1.316285,1.316595,0
2025-11-04 05:08:00,4187942,1762232880,1762232940000000000,1762232940,1.316525,1.316585,1.316215,1.316605,0
2025-11-04 05:09:00,4187943,1762232940,1762233000000000000,1762233000,1.316645,1.317125,1.316625,1.317145,0
2025-11-04 05:10:00,4187944,1762233000,1762233060000000000,1762233060,1.317115,1.316925,1.316845,1.317195,0
2025-11-04 05:11:00,4187945,1762233060,1762233120000000000,1762233120,1.316915,1.317215,1.316655,1.317225,0
2025-11-04 05:12:00,4187946,1762233120,1762233180000000000,1762233180,1.317225,1.317325,1.317025,1.317355,0
2025-11-04 05:13:00,4187947,1762233180,1762233240000000000,1762233240,1.317315,1.317265,1.317005,1.317475,0
2025-11-04 05:14:00,4187948,1762233240,1762233300000000000,1762233300,1.317275,1.317325,1.317255,1.317535,0
2025-11-04 05:15:00,4187949,1762233300,1762233360000000000,1762233360,1.317325,1.317565,1.317275,1.317765,0
2025-11-04 05:16:00,4187950,1762233360,1762233420000000000,1762233420,1.317745,1.317165,1.317095,1.317745,0
2025-11-04 05:17:00,4187951,1762233420,1762233480000000000,1762233480,1.317165,1.317295,1.317125,1.317475,0
2025-11-04 05:18:00,4187952,1762233480,1762233540000000000,1762233540,1.317315,1.317655,1.317305,1.317655,0
2025-11-04 05:19:00,4187953,1762233540,1762233600000000000,1762233600,1.317705,1.317945,1.317695,1.318165,0
2025-11-04 05:20:00,4187954,1762233600,1762233660000000000,1762233660,1.317965,1.318235,1.317965,1.318475,0
2025-11-04 05:21:00,4187955,1762233660,1762233720000000000,1762233720,1.318225,1.319085,1.318155,1.319085,0
2025-11-04 05:22:00,4187956,1762233720,1762233780000000000,1762233780,1.319075,1.319275,1.318925,1.319285,0
2025-11-04 05:23:00,4187957,1762233780,1762233840000000000,1762233840,1.319275,1.318715,1.318675,1.319285,0
2025-11-04 05:24:00,4187958,1762233840,1762233900000000000,1762233900,1.318715,1.318955,1.318545,1.318965,0
2025-11-04 05:25:00,4187959,1762233900,1762233960000000000,1762233960,1.318985,1.319345,1.318895,1.319345,0
2025-11-04 05:26:00,4187960,1762233960,1762234020000000000,1762234020,1.319345,1.318765,1.318545,1.319345,0
2025-11-04 05:27:00,4187961,1762234020,1762234080000000000,1762234080,1.318745,1.318525,1.318515,1.319055,0
2025-11-04 05:28:00,4187962,1762234080,1762234140000000000,1762234140,1.318535,1.318435,1.318295,1.318535,0
2025-11-04 05:29:00,4187963,1762234140,1762234200000000000,1762234200,1.318535,1.318785,1.318475,1.318845,0
2025-11-04 05:30:00,4187964,1762234200,1762234260000000000,1762234260,1.318795,1.319125,1.318755,1.319255,0
2025-11-04 05:31:00,4187965,1762234260,1762234320000000000,1762234320,1.319155,1.319195,1.319055,1.319335,0
2025-11-04 05:32:00,4187966,1762234320,1762234380000000000,1762234380,1.319225,1.318935,1.318895,1.319395,0
2025-11-04 05:33:00,4187967,1762234380,1762234440000000000,1762234440,1.318975,1.319585,1.318965,1.319585,0
2025-11-04 05:34:00,4187968,1762234440,1762234500000000000,1762234500,1.319575,1.320075,1.319545,1.320075,0
2025-11-04 05:35:00,4187969,1762234500,1762234560000000000,1762234560,1.320065,1.320595,1.320065,1.320605,0
2025-11-04 05:36:00,4187970,1762234560,1762234620000000000,1762234620,1.320595,1.320545,1.320335,1.320795,0
2025-11-04 05:37:00,4187971,1762234620,1762234680000000000,1762234680,1.320525,1.320385,1.320315,1.320775,0
2025-11-04 05:38:00,4187972,1762234680,1762234740000000000,1762234740,1.320385,1.320225,1.320225,1.320545,0
2025-11-04 05:39:00,4187973,1762234740,1762234800000000000,1762234800,1.320225,1.320525,1.320095,1.320605,0
2025-11-04 05:40:00,4187974,1762234800,1762234860000000000,1762234860,1.320525,1.321275,1.320505,1.321275,0
2025-11-04 05:41:00,4187975,1762234860,1762234920000000000,1762234920,1.321285,1.321865,1.321165,1.322035,0
2025-11-04 05:42:00,4187976,1762234920,1762234980000000000,1762234980,1.321885,1.321595,1.321585,1.322075,0
2025-11-04 05:43:00,4187977,1762234980,1762235040000000000,1762235040,1.321695,1.321875,1.321675,1.321955,0
2025-11-04 05:44:00,4187978,1762235040,1762235100000000000,1762235100,1.322005,1.321885,1.321715,1.322045,0
2025-11-04 05:45:00,4187979,1762235100,1762235160000000000,1762235160,1.321905,1.322705,1.321905,1.322775,0
2025-11-04 05:46:00,4187980,1762235160,1762235220000000000,1762235220,1.322705,1.322525,1.322455,1.322825,0
2025-11-04 05:47:00,4187981,1762235220,1762235280000000000,1762235280,1.322565,1.322305,1.322295,1.322645,0
2025-11-04 05:48:00,4187982,1762235280,1762235340000000000,1762235340,1.322315,1.322325,1.322085,1.322395,0
2025-11-04 05:49:00,4187983,1762235340,1762235400000000000,1762235400,1.322325,1.322715,1.322305,1.322745,0
2025-11-04 05:50:00,4187984,1762235400,1762235460000000000,1762235460,1.322715,1.322565,1.322425,1.322775,0
2025-11-04 05:51:00,4187985,1762235460,1762235520000000000,1762235520,1.322555,1.322975,1.322495,1.322975,0
2025-11-04 05:52:00,4187986,1762235520,1762235580000000000,1762235580,1.322975,1.323055,1.322685,1.323085,0
2025-11-04 05:53:00,4187987,1762235580,1762235640000000000,1762235640,1.323065,1.322955,1.322895,1.323265,0
2025-11-04 05:54:00,4187988,1762235640,1762235700000000000,1762235700,1.322955,1.322365,1.322315,1.322975,0
2025-11-04 05:55:00,4187989,1762235700,1762235760000000000,1762235760,1.322365,1.322275,1.322165,1.322395,0
2025-11-04 05:56:00,4187990,1762235760,1762235820000000000,1762235820,1.322255,1.321685,1.321635,1.322465,0
2025-11-04 05:57:00,4187991,1762235820,1762235880000000000,1762235880,1.321645,1.321725,1.321615,1.321835,0
2025-11-04 05:58:00,4187992,1762235880,1762235940000000000,1762235940,1.321735,1.321255,1.321215,1.321755,0
2025-11-04 05:59:00,4187993,1762235940,1762236000000000000,1762236000,1.321265,1.321265,1.321155,1.321375,0
2025-11-04 06:00:00,4187994,1762236000,1762236060000000000,1762236060,1.321265,1.321445,1.321255,1.321635,0
2025-11-04 06:01:00,4187995,1762236060,1762236120000000000,1762236120,1.321445,1.321635,1.321435,1.321695,0
2025-11-04 06:02:00,4187996,1762236120,1762236180000000000,1762236180,1.321635,1.321845,1.321475,1.321855,0
2025-11-04 06:03:00,4187997,1762236180,1762236240000000000,1762236240,1.321865,1.321775,1.321565,1.321985,0
2025-11-04 06:04:00,4187998,1762236240,1762236300000000000,1762236300,1.321795,1.321505,1.321455,1.321815,0
2025-11-04 06:05:00,4187999,1762236300,1762236360003618428,1762236360,1.321495,1.321575,1.321255,1.321605,0
2025-11-04 06:06:00,4188000,1762236360,1762236420000000000,1762236420,1.321575,1.321165,1.321165,1.321655,0
2025-11-04 06:07:00,4188001,1762236420,1762236480000000000,1762236480,1.321185,1.320775,1.320735,1.321235,0
2025-11-04 06:08:00,4188002,1762236480,1762236540000000000,1762236540,1.320765,1.320405,1.320405,1.320765,0
2025-11-04 06:09:00,4188003,1762236540,1762236600000000000,1762236600,1.320395,1.320155,1.320115,1.320575,0
2025-11-04 06:10:00,4188004,1762236600,1762236660000000000,1762236660,1.320155,1.319995,1.319935,1.320275,0
2025-11-04 06:11:00,4188005,1762236660,1762236720000000000,1762236720,1.319995,1.320415,1.319995,1.320455,0
2025-11-04 06:12:00,4188006,1762236720,1762236780000000000,1762236780,1.320375,1.320225,1.320185,1.320425,0
2025-11-04 06:13:00,4188007,1762236780,1762236840000000000,1762236840,1.320225,1.320135,1.320045,1.320305,0
2025-11-04 06:14:00,4188008,1762236840,1762236900000000000,1762236900,1.320135,1.320055,1.320055,1.320355,0
2025-11-04 06:15:00,4188009,1762236900,1762236960000000000,1762236960,1.320065,1.320215,1.319965,1.320225,0
2025-11-04 06:16:00,4188010,1762236960,1762237020000000000,1762237020,1.320235,1.320305,1.319935,1.320315,0
2025-11-04 06:17:00,4188011,1762237020,1762237080000000000,1762237080,1.320285,1.319945,1.319945,1.320285,0
2025-11-04 06:18:00,4188012,1762237080,1762237140000000000,1762237140,1.319995,1.319705,1.319695,1.320045,0
2025-11-04 06:19:00,4188013,1762237140,1762237200000000000,1762237200,1.319715,1.319675,1.319525,1.319775,0
2025-11-04 06:20:00,4188014,1762237200,1762237260000000000,1762237260,1.319655,1.319635,1.319585,1.319775,0
2025-11-04 06:21:00,4188015,1762237260,1762237320000000000,1762237320,1.319635,1.319625,1.319555,1.319845,0
2025-11-04 06:22:00,4188016,1762237320,1762237380000000000,1762237380,1.319615,1.319555,1.319325,1.319715,0
2025-11-04 06:23:00,4188017,1762237380,1762237440000000000,1762237440,1.319555,1.319335,1.319325,1.319645,0
2025-11-04 06:24:00,4188018,1762237440,1762237500000000000,1762237500,1.319335,1.319505,1.319235,1.319605,0
2025-11-04 06:25:00,4188019,1762237500,1762237560000000000,1762237560,1.319485,1.319395,1.319185,1.319515,0
2025-11-04 06:26:00,4188020,1762237560,1762237620000000000,1762237620,1.319395,1.319555,1.319275,1.319665,0
2025-11-04 06:27:00,4188021,1762237620,1762237680003257182,1762237680,1.319555,1.320115,1.319505,1.320115,0
2025-11-04 06:28:00,4188022,1762237680,1762237740000000000,1762237740,1.320125,1.320195,1.320045,1.320355,0
2025-11-04 06:29:00,4188023,1762237740,1762237800000000000,1762237800,1.320275,1.320445,1.320175,1.320495,0
2025-11-04 06:30:00,4188024,1762237800,1762237860000000000,1762237860,1.320435,1.320745,1.320435,1.320795,0
2025-11-04 06:31:00,4188025,1762237860,1762237920000000000,1762237920,1.320775,1.320695,1.320515,1.320905,0
2025-11-04 06:32:00,4188026,1762237920,1762237980000000000,1762237980,1.320765,1.320895,1.320745,1.321345,0
2025-11-04 06:33:00,4188027,1762237980,1762238040000000000,1762238040,1.320915,1.320525,1.320445,1.320955,0
2025-11-04 06:34:00,4188028,1762238040,1762238100000000000,1762238100,1.320595,1.320855,1.320535,1.320905,0
2025-11-04 06:35:00,4188029,1762238100,1762238160000000000,1762238160,1.320855,1.321095,1.320805,1.321225,0
2025-11-04 06:36:00,4188030,1762238160,1762238220000000000,1762238220,1.321105,1.321135,1.320895,1.321205,0
2025-11-04 06:37:00,4188031,1762238220,1762238280000000000,1762238280,1.321135,1.321105,1.320845,1.321135,0
2025-11-04 06:38:00,4188032,1762238280,1762238340000000000,1762238340,1.321105,1.320785,1.320765,1.321175,0
2025-11-04 06:39:00,4188033,1762238340,1762238400000000000,1762238400,1.320785,1.320745,1.320545,1.320805,0
2025-11-04 06:40:00,4188034,1762238400,1762238460000000000,1762238460,1.320745,1.320905,1.320735,1.321065,0
2025-11-04 06:41:00,4188035,1762238460,1762238520000000000,1762238520,1.320965,1.320995,1.320845,1.321055,0
2025-11-04 06:42:00,4188036,1762238520,1762238580000000000,1762238580,1.321075,1.321505,1.321045,1.321665,0
2025-11-04 06:43:00,4188037,1762238580,1762238640000000000,1762238640,1.321505,1.321625,1.321325,1.321645,0
2025-11-04 06:44:00,4188038,1762238640,1762238700000000000,1762238700,1.321625,1.321455,1.321205,1.321675,0
2025-11-04 06:45:00,4188039,1762238700,1762238760000000000,1762238760,1.321435,1.322225,1.321435,1.322225,0
2025-11-04 06:46:00,4188040,1762238760,1762238820000000000,1762238820,1.322205,1.322125,1.321835,1.322205,0
2025-11-04 06:47:00,4188041,1762238820,1762238880000000000,1762238880,1.322135,1.322265,1.321845,1.322285,0
2025-11-04 06:48:00,4188042,1762238880,1762238940000000000,1762238940,1.322275,1.322325,1.322185,1.322455,0
2025-11-04 06:49:00,4188043,1762238940,1762239000000000000,1762239000,1.322345,1.322595,1.322245,1.322745,0
2025-11-04 06:50:00,4188044,1762239000,1762239060000000000,1762239060,1.322615,1.322515,1.322325,1.322735,0
2025-11-04 06:51:00,4188045,1762239060,1762239120000000000,1762239120,1.322525,1.322195,1.322185,1.322705,0
2025-11-04 06:52:00,4188046,1762239120,1762239180000000000,1762239180,1.322175,1.321975,1.321765,1.322255,0
2025-11-04 06:53:00,4188047,1762239180,1762239240000000000,1762239240,1.321965,1.321645,1.321625,1.321965,0
2025-11-04 06:54:00,4188048,1762239240,1762239300000000000,1762239300,1.321545,1.321815,1.321545,1.322045,0
2025-11-04 06:55:00,4188049,1762239300,1762239360000000000,1762239360,1.321815,1.321835,1.321725,1.321925,0
2025-11-04 06:56:00,4188050,1762239360,1762239420000000000,1762239420,1.321845,1.322295,1.321745,1.322315,0
2025-11-04 06:57:00,4188051,1762239420,1762239480000000000,1762239480,1.322305,1.321885,1.321885,1.322425,0
2025-11-04 06:58:00,4188052,1762239480,1762239540000000000,1762239540,1.321865,1.321595,1.321525,1.321885,0
2025-11-04 06:59:00,4188053,1762239540,1762239600000000000,1762239600,1.321595,1.321495,1.321495,1.321835,0
2025-11-04 07:00:00,4188054,1762239600,1762239660000000000,1762239660,1.321485,1.321295,1.321225,1.321545,0
2025-11-04 07:01:00,4188055,1762239660,1762239720000000000,1762239720,1.321325,1.321565,1.321325,1.321675,0
2025-11-04 07:02:00,4188056,1762239720,1762239780000000000,1762239780,1.321545,1.321075,1.320965,1.321585,0
2025-11-04 07:03:00,4188057,1762239780,1762239840000000000,1762239840,1.321055,1.321165,1.320895,1.321215,0
2025-11-04 07:04:00,4188058,1762239840,1762239900000000000,1762239900,1.321155,1.321225,1.321045,1.321265,0
2025-11-04 07:05:00,4188059,1762239900,1762239960000000000,1762239960,1.321215,1.321245,1.321205,1.321495,0
2025-11-04 07:06:00,4188060,1762239960,1762240020000000000,1762240020,1.321255,1.321325,1.321075,1.321355,0
2025-11-04 07:07:00,4188061,1762240020,1762240080000000000,1762240080,1.321305,1.321595,1.321275,1.321815,0
2025-11-04 07:08:00,4188062,1762240080,1762240140000000000,1762240140,1.321605,1.321655,1.321525,1.321785,0
2025-11-04 07:09:00,4188063,1762240140,1762240200000000000,1762240200,1.321705,1.321735,1.321565,1.321895,0
2025-11-04 07:10:00,4188064,1762240200,1762240260000000000,1762240260,1.321755,1.321455,1.321435,1.321875,0
2025-11-04 07:11:00,4188065,1762240260,1762240320000000000,1762240320,1.321475,1.321745,1.321245,1.321755,0
2025-11-04 07:12:00,4188066,1762240320,1762240380000000000,1762240380,1.321695,1.322155,1.321695,1.322225,0
2025-11-04 07:13:00,4188067,1762240380,1762240440000000000,1762240440,1.322165,1.322205,1.322095,1.322385,0
2025-11-04 07:14:00,4188068,1762240440,1762240500000000000,1762240500,1.322175,1.322225,1.321785,1.322225,0
2025-11-04 07:15:00,4188069,1762240500,1762240560000000000,1762240560,1.322235,1.322185,1.322135,1.322425,0
2025-11-04 07:16:00,4188070,1762240560,1762240620000000000,1762240620,1.322185,1.322025,1.321955,1.322265,0
2025-11-04 07:17:00,4188071,1762240620,1762240680000000000,1762240680,1.322015,1.322165,1.321965,1.322395,0
2025-11-04 07:18:00,4188072,1762240680,1762240740000000000,1762240740,1.322165,1.321905,1.321855,1.322265,0
2025-11-04 07:19:00,4188073,1762240740,1762240800000000000,1762240800,1.321895,1.321985,1.321745,1.322135,0
2025-11-04 07:20:00,4188074,1762240800,1762240860000000000,1762240860,1.322035,1.322405,1.321995,1.322455,0
2025-11-04 07:21:00,4188075,1762240860,1762240920000000000,1762240920,1.322375,1.322365,1.322015,1.322535,0
2025-11-04 07:22:00,4188076,1762240920,1762240980004085039,1762240980,1.322365,1.322735,1.322365,1.322845,0
2025-11-04 07:23:00,4188077,1762240980,1762241040000000000,1762241040,1.322765,1.323405,1.322765,1.323565,0
2025-11-04 07:24:00,4188078,1762241040,1762241100000000000,1762241100,1.323395,1.323325,1.323215,1.323565,0
2025-11-04 07:25:00,4188079,1762241100,1762241160000000000,1762241160,1.323325,1.322995,1.322895,1.323335,0
2025-11-04 07:26:00,4188080,1762241160,1762241220000000000,1762241220,1.323005,1.322765,1.322635,1.323035,0
2025-11-04 07:27:00,4188081,1762241220,1762241280000000000,1762241280,1.322755,1.322935,1.322645,1.323005,0
2025-11-04 07:28:00,4188082,1762241280,1762241340000000000,1762241340,1.322905,1.323745,1.322905,1.323785,0
2025-11-04 07:29:00,4188083,1762241340,1762241400000000000,1762241400,1.323755,1.324155,1.323725,1.324305,0
2025-11-04 07:30:00,4188084,1762241400,1762241460000000000,1762241460,1.324175,1.324515,1.324085,1.324515,0
2025-11-04 07:31:00,4188085,1762241460,1762241520000000000,1762241520,1.324495,1.324175,1.324175,1.324595,0
2025-11-04 07:32:00,4188086,1762241520,1762241580000000000,1762241580,1.324185,1.323825,1.323805,1.324185,0
2025-11-04 07:33:00,4188087,1762241580,1762241640000000000,1762241640,1.323855,1.324045,1.323775,1.324045,0
2025-11-04 07:34:00,4188088,1762241640,1762241700000000000,1762241700,1.324055,1.324195,1.324055,1.324335,0
2025-11-04 07:35:00,4188089,1762241700,1762241760000000000,1762241760,1.324205,1.324175,1.324115,1.324485,0
2025-11-04 07:36:00,4188090,1762241760,1762241820000000000,1762241820,1.324175,1.324095,1.324025,1.324265,0
2025-11-04 07:37:00,4188091,1762241820,1762241880000000000,1762241880,1.324105,1.324255,1.323985,1.324335,0
2025-11-04 07:38:00,4188092,1762241880,1762241940000000000,1762241940,1.324395,1.324555,1.324395,1.324635,0
2025-11-04 07:39:00,4188093,1762241940,1762242000000000000,1762242000,1.324585,1.324885,1.324435,1.325065,0
2025-11-04 07:40:00,4188094,1762242000,1762242060000000000,1762242060,1.324885,1.324975,1.324735,1.325075,0
2025-11-04 07:41:00,4188095,1762242060,1762242120000000000,1762242120,1.324955,1.325085,1.324865,1.325135,0
2025-11-04 07:42:00,4188096,1762242120,1762242180000000000,1762242180,1.325125,1.325305,1.325075,1.325385,0
2025-11-04 07:43:00,4188097,1762242180,1762242240000000000,1762242240,1.325315,1.325525,1.325305,1.325695,0
2025-11-04 07:44:00,4188098,1762242240,1762242300000000000,1762242300,1.325605,1.325735,1.325485,1.325995,0
2025-11-04 07:45:00,4188099,1762242300,1762242360000000000,1762242360,1.325705,1.326135,1.325665,1.326135,0
2025-11-04 07:46:00,4188100,1762242360,1762242420000000000,1762242420,1.326135,1.326335,1.326095,1.326485,0
2025-11-04 07:47:00,4188101,1762242420,1762242480000000000,1762242480,1.326315,1.326335,1.326305,1.326545,0
2025-11-04 07:48:00,4188102,1762242480,1762242540000000000,1762242540,1.326355,1.326735,1.326225,1.326785,0
2025-11-04 07:49:00,4188103,1762242540,1762242600000000000,1762242600,1.326715,1.326385,1.326385,1.326715,0
2025-11-04 07:50:00,4188104,1762242600,1762242660004313529,1762242660,1.326415,1.326415,1.326405,1.326635,0
2025-11-04 07:51:00,4188105,1762242660,1762242720000000000,1762242720,1.326425,1.326075,1.326025,1.326545,0
2025-11-04 07:52:00,4188106,1762242720,1762242780000000000,1762242780,1.326115,1.326375,1.326065,1.326395,0
2025-11-04 07:53:00,4188107,1762242780,1762242840000000000,1762242840,1.326345,1.326125,1.326115,1.326545,0
2025-11-04 07:54:00,4188108,1762242840,1762242900000000000,1762242900,1.326115,1.326165,1.326035,1.326515,0
2025-11-04 07:55:00,4188109,1762242900,1762242960000000000,1762242960,1.326165,1.326575,1.326165,1.326635,0
2025-11-04 07:56:00,4188110,1762242960,1762243020000000000,1762243020,1.326565,1.326575,1.326325,1.326865,0
2025-11-04 07:57:00,4188111,1762243020,1762243080000000000,1762243080,1.326565,1.326575,1.326465,1.326725,0
2025-11-04 07:58:00,4188112,1762243080,1762243140000000000,1762243140,1.326565,1.326185,1.326055,1.326705,0
2025-11-04 07:59:00,4188113,1762243140,1762243200000000000,1762243200,1.326195,1.325895,1.325805,1.326465,0
2025-11-04 08:00:00,4188114,1762243200,1762243260000000000,1762243260,1.325985,1.325485,1.325485,1.326005,0
2025-11-04 08:01:00,4188115,1762243260,1762243320000000000,1762243320,1.325475,1.325455,1.325395,1.325625,0
2025-11-04 08:02:00,4188116,1762243320,1762243380000000000,1762243380,1.325435,1.325695,1.325405,1.325805,0
2025-11-04 08:03:00,4188117,1762243380,1762243440000000000,1762243440,1.325705,1.325655,1.325505,1.325745,0
2025-11-04 08:04:00,4188118,1762243440,1762243500000000000,1762243500,1.325725,1.325765,1.325525,1.325985,0
2025-11-04 08:05:00,4188119,1762243500,1762243560000000000,1762243560,1.325745,1.325595,1.325595,1.326035,0
2025-11-04 08:06:00,4188120,1762243560,1762243620000000000,1762243620,1.325605,1.325985,1.325545,1.325995,0
2025-11-04 08:07:00,4188121,1762243620,1762243680000000000,1762243680,1.325995,1.325915,1.325835,1.326225,0
2025-11-04 08:08:00,4188122,1762243680,1762243740000000000,1762243740,1.325905,1.326115,1.325855,1.326155,0
2025-11-04 08:09:00,4188123,1762243740,1762243800000000000,1762243800,1.326115,1.326095,1.325825,1.326215,0
2025-11-04 08:10:00,4188124,1762243800,1762243860000000000,1762243860,1.326095,1.326115,1.325935,1.326305,0
2025-11-04 08:11:00,4188125,1762243860,1762243920000000000,1762243920,1.326135,1.325615,1.325605,1.326135,0
2025-11-04 08:12:00,4188126,1762243920,1762243980000000000,1762243980,1.325655,1.325775,1.325655,1.325845,0
2025-11-04 08:13:00,4188127,1762243980,1762244040000000000,1762244040,1.325765,1.325505,1.325495,1.325875,0
2025-11-04 08:14:00,4188128,1762244040,1762244100000000000,1762244100,1.325515,1.325595,1.325515,1.325875,0
2025-11-04 08:15:00,4188129,1762244100,1762244160000000000,1762244160,1.325605,1.325655,1.325605,1.325895,0
2025-11-04 08:16:00,4188130,1762244160,1762244220000000000,1762244220,1.325655,1.325535,1.325395,1.325675,0
2025-11-04 08:17:00,4188131,1762244220,1762244280000000000,1762244280,1.325545,1.326325,1.325545,1.326405,0
2025-11-04 08:18:00,4188132,1762244280,1762244340000000000,1762244340,1.326315,1.326265,1.326065,1.326485,0
2025-11-04 08:19:00,4188133,1762244340,1762244400000000000,1762244400,1.326305,1.326425,1.326115,1.326535,0
2025-11-04 08:20:00,4188134,1762244400,1762244460000000000,1762244460,1.326405,1.326355,1.326205,1.326475,0
2025-11-04 08:21:00,4188135,1762244460,1762244520000000000,1762244520,1.326365,1.326405,1.326185,1.326625,0
2025-11-04 08:22:00,4188136,1762244520,1762244580000000000,1762244580,1.326315,1.326055,1.325805,1.326365,0
2025-11-04 08:23:00,4188137,1762244580,1762244640000000000,1762244640,1.326055,1.326145,1.325685,1.326155,0
2025-11-04 08:24:00,4188138,1762244640,1762244700000000000,1762244700,1.326135,1.326655,1.326075,1.326695,0
2025-11-04 08:25:00,4188139,1762244700,1762244760000000000,1762244760,1.326685,1.326995,1.326585,1.326995,0
2025-11-04 08:26:00,4188140,1762244760,1762244820000000000,1762244820,1.327055,1.326905,1.326865,1.327195,0
2025-11-04 08:27:00,4188141,1762244820,1762244880000000000,1762244880,1.326915,1.327075,1.326875,1.327125,0
2025-11-04 08:28:00,4188142,1762244880,1762244940000000000,1762244940,1.327065,1.327355,1.327015,1.327455,0
2025-11-04 08:29:00,4188143,1762244940,1762245000000000000,1762245000,1.327365,1.327445,1.327355,1.327705,0
2025-11-04 08:30:00,4188144,1762245000,1762245060000000000,1762245060,1.327405,1.327025,1.326965,1.327415,0
2025-11-04 08:31:00,4188145,1762245060,1762245120000000000,1762245120,1.327045,1.327165,1.327005,1.327235,0
2025-11-04 08:32:00,4188146,1762245120,1762245180000000000,1762245180,1.327155,1.327445,1.327155,1.327695,0
2025-11-04 08:33:00,4188147,1762245180,1762245240000000000,1762245240,1.327425,1.327135,1.327025,1.327455,0
2025-11-04 08:34:00,4188148,1762245240,1762245300000000000,1762245300,1.327135,1.327245,1.327105,1.327485,0
2025-11-04 08:35:00,4188149,1762245300,1762245360000000000,1762245360,1.327245,1.327545,1.327245,1.327645,0
2025-11-04 08:36:00,4188150,1762245360,1762245420000000000,1762245420,1.327575,1.327715,1.327425,1.327845,0
2025-11-04 08:37:00,4188151,1762245420,1762245480000000000,1762245480,1.327725,1.327885,1.327575,1.327955,0
2025-11-04 08:38:00,4188152,1762245480,1762245540000000000,1762245540,1.327885,1.328025,1.327845,1.328035,0
2025-11-04 08:39:00,4188153,1762245540,1762245600000000000,1762245600,1.328035,1.327965,1.327825,1.328215,0
2025-11-04 08:40:00,4188154,1762245600,1762245660000000000,1762245660,1.327965,1.327685,1.327675,1.327965,0
2025-11-04 08:41:00,4188155,1762245660,1762245720000000000,1762245720,1.327685,1.327865,1.327665,1.328045,0
2025-11-04 08:42:00,4188156,1762245720,1762245780000000000,1762245780,1.327875,1.327505,1.327425,1.327885,0
2025-11-04 08:43:00,4188157,1762245780,1762245840000000000,1762245840,1.327505,1.327435,1.327235,1.327595,0
2025-11-04 08:44:00,4188158,1762245840,1762245900000000000,1762245900,1.327425,1.327125,1.327105,1.327425,0
2025-11-04 08:45:00,4188159,1762245900,1762245960000000000,1762245960,1.327145,1.326775,1.326765,1.327145,0
2025-11-04 08:46:00,4188160,1762245960,1762246020001138478,1762246020,1.326745,1.326145,1.326135,1.326755,0
2025-11-04 08:47:00,4188161,1762246020,1762246080000000000,1762246080,1.326125,1.326055,1.325705,1.326235,0
2025-11-04 08:48:00,4188162,1762246080,1762246140000000000,1762246140,1.326025,1.326045,1.325935,1.326095,0
2025-11-04 08:49:00,4188163,1762246140,1762246200000000000,1762246200,1.326045,1.325745,1.325735,1.326075,0
2025-11-04 08:50:00,4188164,1762246200,1762246260000000000,1762246260,1.325665,1.325845,1.325495,1.326025,0
2025-11-04 08:51:00,4188165,1762246260,1762246320000000000,1762246320,1.325855,1.325635,1.325635,1.326075,0
2025-11-04 08:52:00,4188166,1762246320,1762246380000000000,1762246380,1.325645,1.326415,1.325605,1.326425,0
2025-11-04 08:53:00,4188167,1762246380,1762246440000000000,1762246440,1.326405,1.325645,1.325615,1.326425,0
2025-11-04 08:54:00,4188168,1762246440,1762246500000000000,1762246500,1.325655,1.325835,1.325575,1.325935,0
2025-11-04 08:55:00,4188169,1762246500,1762246560000000000,1762246560,1.325805,1.325825,1.325675,1.325905,0
2025-11-04 08:56:00,4188170,1762246560,1762246620000000000,1762246620,1.325845,1.325335,1.325305,1.325925,0
2025-11-04 08:57:00,4188171,1762246620,1762246680000000000,1762246680,1.325335,1.325205,1.325025,1.325385,0
2025-11-04 08:58:00,4188172,1762246680,1762246740000000000,1762246740,1.325215,1.325075,1.324955,1.325245,0
2025-11-04 08:59:00,4188173,1762246740,1762246800000000000,1762246800,1.325065,1.324825,1.324825,1.325205,0
2025-11-04 09:00:00,4188174,1762246800,1762246860000000000,1762246860,1.324895,1.324945,1.324715,1.324955,0
2025-11-04 09:01:00,4188175,1762246860,1762246920000000000,1762246920,1.324955,1.325015,1.324675,1.325015,0
2025-11-04 09:02:00,4188176,1762246920,1762246980000000000,1762246980,1.325005,1.325135,1.324745,1.325175,0
2025-11-04 09:03:00,4188177,1762246980,1762247040000000000,1762247040,1.325155,1.324505,1.324495,1.325195,0
2025-11-04 09:04:00,4188178,1762247040,1762247100000000000,1762247100,1.324495,1.324305,1.324175,1.324515,0
2025-11-04 09:05:00,4188179,1762247100,1762247160000000000,1762247160,1.324295,1.324125,1.323855,1.324305,0
2025-11-04 09:06:00,4188180,1762247160,1762247220000000000,1762247220,1.324145,1.324265,1.324125,1.324395,0
2025-11-04 09:07:00,4188181,1762247220,1762247280000000000,1762247280,1.324275,1.324035,1.323845,1.324345,0
2025-11-04 09:08:00,4188182,1762247280,1762247340000000000,1762247340,1.324055,1.324265,1.324055,1.324355,0
2025-11-04 09:09:00,4188183,1762247340,1762247400000000000,1762247400,1.324255,1.323635,1.323635,1.324255,0
2025-11-04 09:10:00,4188184,1762247400,1762247460000000000,1762247460,1.323655,1.323575,1.323545,1.323865,0
2025-11-04 09:11:00,4188185,1762247460,1762247520000000000,1762247520,1.323635,1.324005,1.323635,1.324115,0
2025-11-04 09:12:00,4188186,1762247520,1762247580000000000,1762247580,1.324015,1.323815,1.323745,1.324045,0
2025-11-04 09:13:00,4188187,1762247580,1762247640000000000,1762247640,1.323805,1.323625,1.323605,1.323915,0
2025-11-04 09:14:00,4188188,1762247640,1762247700000000000,1762247700,1.323685,1.323835,1.323585,1.323865,0
2025-11-04 09:15:00,4188189,1762247700,1762247760000000000,1762247760,1.323785,1.324195,1.323775,1.324385,0
2025-11-04 09:16:00,4188190,1762247760,1762247820000000000,1762247820,1.324185,1.323585,1.323395,1.324235,0
2025-11-04 09:17:00,4188191,1762247820,1762247880000000000,1762247880,1.323595,1.323495,1.323275,1.323745,0
2025-11-04 09:18:00,4188192,1762247880,1762247940000000000,1762247940,1.323535,1.323105,1.323045,1.323615,0
2025-11-04 09:19:00,4188193,1762247940,1762248000000000000,1762248000,1.323115,1.322575,1.322445,1.323145,0
2025-11-04 09:20:00,4188194,1762248000,1762248060000000000,1762248060,1.322545,1.322465,1.322295,1.322585,0
2025-11-04 09:21:00,4188195,1762248060,1762248120000000000,1762248120,1.322455,1.322235,1.322165,1.322515,0
2025-11-04 09:22:00,4188196,1762248120,1762248180000000000,1762248180,1.322255,1.322085,1.321905,1.322395,0
2025-11-04 09:23:00,4188197,1762248180,1762248240000000000,1762248240,1.322035,1.323155,1.322005,1.323155,0
2025-11-04 09:24:00,4188198,1762248240,1762248300000000000,1762248300,1.323145,1.322805,1.322805,1.323155,0
2025-11-04 09:25:00,4188199,1762248300,1762248360001237581,1762248360,1.322825,1.322995,1.322825,1.323285,0
2025-11-04 09:26:00,4188200,1762248360,1762248420000000000,1762248420,1.322985,1.322955,1.322715,1.323085,0
2025-11-04 09:27:00,4188201,1762248420,1762248480000000000,1762248480,1.322955,1.323155,1.322925,1.323215,0
2025-11-04 09:28:00,4188202,1762248480,1762248540000000000,1762248540,1.323155,1.323705,1.322895,1.323755,0
2025-11-04 09:29:00,4188203,1762248540,1762248600000000000,1762248600,1.323735,1.323695,1.323635,1.324015,0
2025-11-04 09:30:00,4188204,1762248600,1762248660000000000,1762248660,1.323795,1.323575,1.323485,1.324005,0
2025-11-04 09:31:00,4188205,1762248660,1762248720000000000,1762248720,1.323555,1.323515,1.323375,1.323685,0
2025-11-04 09:32:00,4188206,1762248720,1762248780000000000,1762248780,1.323525,1.323775,1.323515,1.323835,0
2025-11-04 09:33:00,4188207,1762248780,1762248840000000000,1762248840,1.323765,1.323855,1.323715,1.324095,0
2025-11-04 09:34:00,4188208,1762248840,1762248900000000000,1762248900,1.323865,1.323515,1.323475,1.323885,0
2025-11-04 09:35:00,4188209,1762248900,1762248960000000000,1762248960,1.323505,1.323475,1.323435,1.323845,0
2025-11-04 09:36:00,4188210,1762248960,1762249020000000000,1762249020,1.323465,1.323435,1.323385,1.323655,0
2025-11-04 09:37:00,4188211,1762249020,1762249080000000000,1762249080,1.323445,1.323845,1.323425,1.323995,0
2025-11-04 09:38:00,4188212,1762249080,1762249140000000000,1762249140,1.323835,1.324375,1.323745,1.324375,0
2025-11-04 09:39:00,4188213,1762249140,1762249200000000000,1762249200,1.324375,1.323865,1.323845,1.324385,0
2025-11-04 09:40:00,4188214,1762249200,1762249260000000000,1762249260,1.323835,1.323975,1.323775,1.324045,0
2025-11-04 09:41:00,4188215,1762249260,1762249320000000000,1762249320,1.324085,1.323705,1.323675,1.324085,0
2025-11-04 09:42:00,4188216,1762249320,1762249380000000000,1762249380,1.323725,1.323565,1.323475,1.323835,0
2025-11-04 09:43:00,4188217,1762249380,1762249440000000000,1762249440,1.323585,1.323055,1.323055,1.323585,0
2025-11-04 09:44:00,4188218,1762249440,1762249500000000000,1762249500,1.323055,1.322775,1.322765,1.323115,0
2025-11-04 09:45:00,4188219,1762249500,1762249560000000000,1762249560,1.322765,1.322945,1.322765,1.323195,0
2025-11-04 09:46:00,4188220,1762249560,1762249620000000000,1762249620,1.322945,1.322925,1.322715,1.322975,0
2025-11-04 09:47:00,4188221,1762249620,1762249680000000000,1762249680,1.322895,1.322465,1.322365,1.322935,0
2025-11-04 09:48:00,4188222,1762249680,1762249740000000000,1762249740,1.322465,1.321985,1.321895,1.322545,0
2025-11-04 09:49:00,4188223,1762249740,1762249800000000000,1762249800,1.321975,1.321785,1.321755,1.322175,0
2025-11-04 09:50:00,4188224,1762249800,1762249860000000000,1762249860,1.321775,1.321905,1.321775,1.322145,0
2025-11-04 09:51:00,4188225,1762249860,1762249920000000000,1762249920,1.321915,1.321785,1.321655,1.322015,0
2025-11-04 09:52:00,4188226,1762249920,1762249980000000000,1762249980,1.321795,1.321045,1.321045,1.321805,0
2025-11-04 09:53:00,4188227,1762249980,1762250040000000000,1762250040,1.321045,1.321195,1.321005,1.321415,0
2025-11-04 09:54:00,4188228,1762250040,1762250100000000000,1762250100,1.321165,1.321525,1.321115,1.321525,0
2025-11-04 09:55:00,4188229,1762250100,1762250160000000000,1762250160,1.321525,1.321395,1.321395,1.321685,0
2025-11-04 09:56:00,4188230,1762250160,1762250220000000000,1762250220,1.321375,1.321085,1.320885,1.321375,0
2025-11-04 09:57:00,4188231,1762250220,1762250280000000000,1762250280,1.321075,1.320955,1.320885,1.321205,0
2025-11-04 09:58:00,4188232,1762250280,1762250340000000000,1762250340,1.320975,1.320465,1.320465,1.320975,0
2025-11-04 09:59:00,4188233,1762250340,1762250400000000000,1762250400,1.320455,1.320655,1.320285,1.320695,0
2025-11-04 10:00:00,4188234,1762250400,1762250460000000000,1762250460,1.320665,1.321115,1.320665,1.321205,0
2025-11-04 10:01:00,4188235,1762250460,1762250520000000000,1762250520,1.321105,1.320965,1.320715,1.321215,0
2025-11-04 10:02:00,4188236,1762250520,1762250580000000000,1762250580,1.320915,1.321295,1.320835,1.321305,0
2025-11-04 10:03:00,4188237,1762250580,1762250640000000000,1762250640,1.321285,1.320845,1.320845,1.321285,0
2025-11-04 10:04:00,4188238,1762250640,1762250700000000000,1762250700,1.320865,1.320315,1.320275,1.320905,0
2025-11-04 10:05:00,4188239,1762250700,1762250760000000000,1762250760,1.320305,1.320465,1.320295,1.320595,0
2025-11-04 10:06:00,4188240,1762250760,1762250820000000000,1762250820,1.320405,1.320475,1.320315,1.320725,0
2025-11-04 10:07:00,4188241,1762250820,1762250880000000000,1762250880,1.320415,1.321215,1.320205,1.321245,0
2025-11-04 10:08:00,4188242,1762250880,1762250940000000000,1762250940,1.321235,1.321375,1.321175,1.321515,0
2025-11-04 10:09:00,4188243,1762250940,1762251000000000000,1762251000,1.321375,1.321095,1.321085,1.321475,0
2025-11-04 10:10:00,4188244,1762251000,1762251060000000000,1762251060,1.321105,1.321145,1.321055,1.321295,0
2025-11-04 10:11:00,4188245,1762251060,1762251120000000000,1762251120,1.321135,1.320835,1.320835,1.321195,0
2025-11-04 10:12:00,4188246,1762251120,1762251180000000000,1762251180,1.320845,1.320785,1.320665,1.320885,0
2025-11-04 10:13:00,4188247,1762251180,1762251240000000000,1762251240,1.320795,1.320655,1.320345,1.320815,0
2025-11-04 10:14:00,4188248,1762251240,1762251300000000000,1762251300,1.320655,1.320985,1.320645,1.321025,0
2025-11-04 10:15:00,4188249,1762251300,1762251360000000000,1762251360,1.320985,1.321005,1.320835,1.321505,0
2025-11-04 10:16:00,4188250,1762251360,1762251420000000000,1762251420,1.321005,1.320975,1.320835,1.321125,0
2025-11-04 10:17:00,4188251,1762251420,1762251480000000000,1762251480,1.320965,1.321345,1.320885,1.321345,0
2025-11-04 10:18:00,4188252,1762251480,1762251540000000000,1762251540,1.321355,1.321575,1.321165,1.321745,0
2025-11-04 10:19:00,4188253,1762251540,1762251600000000000,1762251600,1.321565,1.321605,1.321505,1.321935,0
2025-11-04 10:20:00,4188254,1762251600,1762251660000000000,1762251660,1.321595,1.321575,1.321465,1.321805,0
2025-11-04 10:21:00,4188255,1762251660,1762251720000000000,1762251720,1.321585,1.321185,1.321135,1.321595,0
2025-11-04 10:22:00,4188256,1762251720,1762251780000000000,1762251780,1.321195,1.321285,1.321185,1.321435,0
2025-11-04 10:23:00,4188257,1762251780,1762251840000000000,1762251840,1.321295,1.321325,1.321185,1.321535,0
2025-11-04 10:24:00,4188258,1762251840,1762251900000000000,1762251900,1.321335,1.321585,1.321245,1.321605,0
2025-11-04 10:25:00,4188259,1762251900,1762251960000000000,1762251960,1.321595,1.321565,1.321485,1.321845,0
2025-11-04 10:26:00,4188260,1762251960,1762252020000000000,1762252020,1.321575,1.321425,1.321365,1.321735,0
2025-11-04 10:27:00,4188261,1762252020,1762252080000000000,1762252080,1.321415,1.321305,1.321275,1.321485,0
2025-11-04 10:28:00,4188262,1762252080,1762252140000000000,1762252140,1.321315,1.321395,1.321175,1.321535,0
2025-11-04 10:29:00,4188263,1762252140,1762252200000000000,1762252200,1.321395,1.321065,1.320925,1.321395,0
2025-11-04 10:30:00,4188264,1762252200,1762252260000000000,1762252260,1.321065,1.321145,1.320905,1.321415,0
2025-11-04 10:31:00,4188265,1762252260,1762252320000000000,1762252320,1.321165,1.320365,1.320315,1.321165,0
2025-11-04 10:32:00,4188266,1762252320,1762252380000000000,1762252380,1.320405,1.320755,1.320395,1.320755,0
2025-11-04 10:33:00,4188267,1762252380,1762252440000000000,1762252440,1.320725,1.321045,1.320565,1.321055,0
2025-11-04 10:34:00,4188268,1762252440,1762252500000000000,1762252500,1.321035,1.321145,1.320715,1.321165,0
2025-11-04 10:35:00,4188269,1762252500,1762252560000000000,1762252560,1.321155,1.321245,1.320985,1.321275,0
2025-11-04 10:36:00,4188270,1762252560,1762252620000000000,1762252620,1.321255,1.321565,1.321155,1.321585,0
2025-11-04 10:37:00,4188271,1762252620,1762252680000000000,1762252680,1.321555,1.321445,1.321435,1.321725,0
2025-11-04 10:38:00,4188272,1762252680,1762252740000000000,1762252740,1.321475,1.321625,1.321355,1.321685,0
2025-11-04 10:39:00,4188273,1762252740,1762252800000000000,1762252800,1.321605,1.321595,1.321425,1.321775,0
2025-11-04 10:40:00,4188274,1762252800,1762252860000000000,1762252860,1.321575,1.321705,1.321575,1.321915,0
2025-11-04 10:41:00,4188275,1762252860,1762252920000000000,1762252920,1.321715,1.321935,1.321635,1.322085,0
2025-11-04 10:42:00,4188276,1762252920,1762252980000000000,1762252980,1.321945,1.321595,1.321515,1.321995,0
2025-11-04 10:43:00,4188277,1762252980,1762253040000000000,1762253040,1.321675,1.322075,1.321625,1.322155,0
2025-11-04 10:44:00,4188278,1762253040,1762253100000000000,1762253100,1.322075,1.322015,1.322015,1.322235,0
2025-11-04 10:45:00,4188279,1762253100,1762253160000000000,1762253160,1.322015,1.322095,1.321945,1.322305,0
2025-11-04 10:46:00,4188280,1762253160,1762253220000000000,1762253220,1.322085,1.322305,1.322085,1.322405,0
2025-11-04 10:47:00,4188281,1762253220,1762253280000000000,1762253280,1.322295,1.322805,1.322215,1.322845,0
2025-11-04 10:48:00,4188282,1762253280,1762253340000000000,1762253340,1.322845,1.322675,1.322545,1.322925,0
2025-11-04 10:49:00,4188283,1762253340,1762253400000000000,1762253400,1.322685,1.322395,1.322305,1.322705,0
2025-11-04 10:50:00,4188284,1762253400,1762253460000000000,1762253460,1.322385,1.322285,1.322255,1.322575,0
2025-11-04 10:51:00,4188285,1762253460,1762253520000000000,1762253520,1.322285,1.322115,1.322095,1.322585,0
2025-11-04 10:52:00,4188286,1762253520,1762253580000000000,1762253580,1.322125,1.322465,1.322025,1.322505,0
2025-11-04 10:53:00,4188287,1762253580,1762253640000000000,1762253640,1.322445,1.322125,1.322125,1.322475,0
2025-11-04 10:54:00,4188288,1762253640,1762253700000000000,1762253700,1.322135,1.321925,1.321855,1.322175,0
2025-11-04 10:55:00,4188289,1762253700,1762253760000000000,1762253760,1.321915,1.322055,1.321615,1.322055,0
2025-11-04 10:56:00,4188290,1762253760,1762253820000000000,1762253820,1.322045,1.322405,1.322015,1.322485,0
2025-11-04 10:57:00,4188291,1762253820,1762253880000000000,1762253880,1.322395,1.322615,1.322365,1.322675,0
2025-11-04 10:58:00,4188292,1762253880,1762253940000000000,1762253940,1.322585,1.322315,1.322165,1.322615,0
2025-11-04 10:59:00,4188293,1762253940,1762254000000000000,1762254000,1.322305,1.321675,1.321675,1.322315,0
2025-11-04 11:00:00,4188294,1762254000,1762254060000000000,1762254060,1.321695,1.322335,1.321695,1.322355,0
2025-11-04 11:01:00,4188295,1762254060,1762254120000000000,1762254120,1.322385,1.322505,1.322295,1.322605,0
2025-11-04 11:02:00,4188296,1762254120,1762254180000000000,1762254180,1.322485,1.322935,1.322335,1.322965,0
2025-11-04 11:03:00,4188297,1762254180,1762254240000000000,1762254240,1.322935,1.322815,1.322795,1.323045,0
2025-11-04 11:04:00,4188298,1762254240,1762254300000000000,1762254300,1.322805,1.323095,1.322515,1.323095,0
2025-11-04 11:05:00,4188299,1762254300,1762254360000000000,1762254360,1.323085,1.323155,1.323065,1.323405,0
2025-11-04 11:06:00,4188300,1762254360,1762254420000000000,1762254420,1.323145,1.323595,1.323065,1.323625,0
2025-11-04 11:07:00,4188301,1762254420,1762254480000000000,1762254480,1.323605,1.323975,1.323475,1.324095,0
2025-11-04 11:08:00,4188302,1762254480,1762254540000000000,1762254540,1.323975,1.323715,1.323635,1.324065,0
2025-11-04 11:09:00,4188303,1762254540,1762254600000000000,1762254600,1.323705,1.323495,1.323385,1.323745,0
2025-11-04 11:10:00,4188304,1762254600,1762254660000000000,1762254660,1.323495,1.323575,1.323375,1.323585,0
2025-11-04 11:11:00,4188305,1762254660,1762254720000000000,1762254720,1.323585,1.323195,1.323145,1.323655,0
2025-11-04 11:12:00,4188306,1762254720,1762254780000000000,1762254780,1.323205,1.323065,1.323025,1.323295,0
2025-11-04 11:13:00,4188307,1762254780,1762254840000000000,1762254840,1.323065,1.322815,1.322415,1.323075,0
2025-11-04 11:14:00,4188308,1762254840,1762254900000000000,1762254900,1.322785,1.322865,1.322595,1.322905,0
2025-11-04 11:15:00,4188309,1762254900,1762254960000000000,1762254960,1.322845,1.322435,1.322435,1.322845,0
2025-11-04 11:16:00,4188310,1762254960,1762255020000000000,1762255020,1.322435,1.322095,1.322035,1.322475,0
2025-11-04 11:17:00,4188311,1762255020,1762255080000000000,1762255080,1.322095,1.322415,1.322025,1.322475,0
2025-11-04 11:18:00,4188312,1762255080,1762255140000000000,1762255140,1.322405,1.322485,1.322175,1.322535,0
2025-11-04 11:19:00,4188313,1762255140,1762255200000000000,1762255200,1.322495,1.322315,1.322085,1.322525,0
2025-11-04 11:20:00,4188314,1762255200,1762255260000000000,1762255260,1.322315,1.321995,1.321855,1.322395,0
2025-11-04 11:21:00,4188315,1762255260,1762255320000000000,1762255320,1.321985,1.321735,1.321735,1.322065,0
2025-11-04 11:22:00,4188316,1762255320,1762255380000000000,1762255380,1.321725,1.321665,1.321555,1.321835,0
2025-11-04 11:23:00,4188317,1762255380,1762255440000000000,1762255440,1.321655,1.321485,1.321285,1.321655,0
2025-11-04 11:24:00,4188318,1762255440,1762255500000000000,1762255500,1.321545,1.321205,1.321085,1.321555,0
2025-11-04 11:25:00,4188319,1762255500,1762255560000000000,1762255560,1.321175,1.320995,1.320985,1.321175,0
2025-11-04 11:26:00,4188320,1762255560,1762255620000000000,1762255620,1.320995,1.320605,1.320485,1.320995,0
2025-11-04 11:27:00,4188321,1762255620,1762255680000000000,1762255680,1.320585,1.320855,1.320525,1.320955,0
2025-11-04 11:28:00,4188322,1762255680,1762255740000000000,1762255740,1.320855,1.320895,1.320825,1.321275,0
2025-11-04 11:29:00,4188323,1762255740,1762255800000000000,1762255800,1.320905,1.321615,1.320895,1.321625,0
2025-11-04 11:30:00,4188324,1762255800,1762255860000000000,1762255860,1.321555,1.321785,1.321495,1.321885,0
2025-11-04 11:31:00,4188325,1762255860,1762255920000000000,1762255920,1.321795,1.322015,1.321635,1.322125,0
2025-11-04 11:32:00,4188326,1762255920,1762255980000000000,1762255980,1.322025,1.322765,1.322025,1.322765,0
2025-11-04 11:33:00,4188327,1762255980,1762256040000000000,1762256040,1.322705,1.322945,1.322605,1.322955,0
2025-11-04 11:34:00,4188328,1762256040,1762256100000000000,1762256100,1.322935,1.322895,1.322735,1.323145,0
2025-11-04 11:35:00,4188329,1762256100,1762256160000000000,1762256160,1.322925,1.322655,1.322625,1.323085,0
2025-11-04 11:36:00,4188330,1762256160,1762256220000000000,1762256220,1.322665,1.322535,1.322395,1.322775,0
2025-11-04 11:37:00,4188331,1762256220,1762256280000000000,1762256280,1.322545,1.322455,1.322185,1.322565,0
2025-11-04 11:38:00,4188332,1762256280,1762256340000000000,1762256340,1.322465,1.322665,1.322345,1.322665,0
2025-11-04 11:39:00,4188333,1762256340,1762256400000000000,1762256400,1.322655,1.322975,1.322655,1.323125,0
2025-11-04 11:40:00,4188334,1762256400,1762256460000000000,1762256460,1.322975,1.322835,1.322635,1.323095,0
2025-11-04 11:41:00,4188335,1762256460,1762256520000000000,1762256520,1.322765,1.322515,1.322515,1.322925,0
2025-11-04 11:42:00,4188336,1762256520,1762256580000000000,1762256580,1.322495,1.322625,1.322235,1.322675,0
2025-11-04 11:43:00,4188337,1762256580,1762256640000000000,1762256640,1.322625,1.322475,1.322255,1.322695,0
2025-11-04 11:44:00,4188338,1762256640,1762256700000000000,1762256700,1.322555,1.322545,1.322425,1.322635,0
2025-11-04 11:45:00,4188339,1762256700,1762256760000000000,1762256760,1.322535,1.322435,1.322425,1.322695,0
2025-11-04 11:46:00,4188340,1762256760,1762256820000000000,1762256820,1.322445,1.322335,1.322275,1.322555,0
2025-11-04 11:47:00,4188341,1762256820,1762256880000000000,1762256880,1.322345,1.322375,1.322205,1.322545,0
2025-11-04 11:48:00,4188342,1762256880,1762256940000000000,1762256940,1.322405,1.322725,1.322365,1.322735,0
2025-11-04 11:49:00,4188343,1762256940,1762257000000000000,1762257000,1.322735,1.323015,1.322705,1.323225,0
2025-11-04 11:50:00,4188344,1762257000,1762257060000000000,1762257060,1.323025,1.323725,1.322925,1.323725,0
2025-11-04 11:51:00,4188345,1762257060,1762257120000000000,1762257120,1.323725,1.323795,1.323625,1.324015,0
2025-11-04 11:52:00,4188346,1762257120,1762257180000000000,1762257180,1.323825,1.323845,1.323705,1.323975,0
2025-11-04 11:53:00,4188347,1762257180,1762257240000000000,1762257240,1.323855,1.323665,1.323545,1.323865,0
2025-11-04 11:54:00,4188348,1762257240,1762257300000000000,1762257300,1.323685,1.323485,1.323485,1.324005,0
2025-11-04 11:55:00,4188349,1762257300,1762257360000000000,1762257360,1.323485,1.323415,1.323365,1.323635,0
2025-11-04 11:56:00,4188350,1762257360,1762257420000000000,1762257420,1.323445,1.323265,1.323145,1.323445,0
2025-11-04 11:57:00,4188351,1762257420,1762257480000000000,1762257480,1.323275,1.323645,1.323205,1.323645,0
2025-11-04 11:58:00,4188352,1762257480,1762257540000000000,1762257540,1.323635,1.323095,1.323095,1.323875,0
2025-11-04 11:59:00,4188353,1762257540,1762257600000000000,1762257600,1.323055,1.323165,1.323055,1.323315,0
2025-11-04 12:00:00,4188354,1762257600,1762257660000000000,1762257660,1.323155,1.323535,1.323155,1.323575,0
2025-11-04 12:01:00,4188355,1762257660,1762257720000000000,1762257720,1.323525,1.323675,1.323525,1.323825,0
2025-11-04 12:02:00,4188356,1762257720,1762257780000000000,1762257780,1.323705,1.323995,1.323615,1.324055,0
2025-11-04 12:03:00,4188357,1762257780,1762257840000000000,1762257840,1.324025,1.323985,1.323915,1.324155,0
2025-11-04 12:04:00,4188358,1762257840,1762257900000000000,1762257900,1.323995,1.324185,1.323885,1.324245,0
2025-11-04 12:05:00,4188359,1762257900,1762257960000000000,1762257960,1.324175,1.324245,1.324175,1.324415,0
2025-11-04 12:06:00,4188360,1762257960,1762258020000000000,1762258020,1.324235,1.324075,1.323825,1.324295,0
2025-11-04 12:07:00,4188361,1762258020,1762258080000000000,1762258080,1.324155,1.324005,1.323925,1.324195,0
2025-11-04 12:08:00,4188362,1762258080,1762258140000000000,1762258140,1.323995,1.323775,1.323735,1.324145,0
2025-11-04 12:09:00,4188363,1762258140,1762258200000000000,1762258200,1.323785,1.324005,1.323775,1.324305,0
2025-11-04 12:10:00,4188364,1762258200,1762258260000000000,1762258260,1.324015,1.323705,1.323545,1.324015,0
2025-11-04 12:11:00,4188365,1762258260,1762258320000000000,1762258320,1.323675,1.323525,1.323315,1.323675,0
2025-11-04 12:12:00,4188366,1762258320,1762258380000000000,1762258380,1.323545,1.323475,1.323475,1.323835,0
2025-11-04 12:13:00,4188367,1762258380,1762258440000000000,1762258440,1.323545,1.323345,1.323045,1.323655,0
2025-11-04 12:14:00,4188368,1762258440,1762258500000000000,1762258500,1.323335,1.323535,1.323245,1.323545,0
2025-11-04 12:15:00,4188369,1762258500,1762258560000000000,1762258560,1.323495,1.323455,1.323335,1.323545,0
2025-11-04 12:16:00,4188370,1762258560,1762258620000000000,1762258620,1.323455,1.323725,1.323435,1.323795,0
2025-11-04 12:17:00,4188371,1762258620,1762258680000000000,1762258680,1.323675,1.323425,1.323245,1.323675,0
2025-11-04 12:18:00,4188372,1762258680,1762258740000000000,1762258740,1.323415,1.323325,1.323315,1.323595,0
2025-11-04 12:19:00,4188373,1762258740,1762258800000000000,1762258800,1.323315,1.323015,1.323015,1.323485,0
2025-11-04 12:20:00,4188374,1762258800,1762258860000000000,1762258860,1.323045,1.322935,1.322935,1.323285,0
2025-11-04 12:21:00,4188375,1762258860,1762258920000000000,1762258920,1.322925,1.323035,1.322725,1.323035,0
2025-11-04 12:22:00,4188376,1762258920,1762258980000000000,1762258980,1.323085,1.323055,1.322855,1.323105,0
2025-11-04 12:23:00,4188377,1762258980,1762259040000000000,1762259040,1.323045,1.322715,1.322665,1.323105,0
2025-11-04 12:24:00,4188378,1762259040,1762259100000000000,1762259100,1.322755,1.322825,1.322595,1.322935,0
2025-11-04 12:25:00,4188379,1762259100,1762259160000000000,1762259160,1.322795,1.322425,1.322425,1.322865,0
2025-11-04 12:26:00,4188380,1762259160,1762259220000000000,1762259220,1.322395,1.321955,1.321905,1.322415,0
2025-11-04 12:27:00,4188381,1762259220,1762259280000000000,1762259280,1.321945,1.322335,1.321895,1.322365,0
2025-11-04 12:28:00,4188382,1762259280,1762259340000000000,1762259340,1.322345,1.321965,1.321965,1.322345,0
2025-11-04 12:29:00,4188383,1762259340,1762259400000000000,1762259400,1.321975,1.322285,1.321855,1.322295,0
2025-11-04 12:30:00,4188384,1762259400,1762259460000000000,1762259460,1.322295,1.321985,1.321845,1.322315,0
2025-11-04 12:31:00,4188385,1762259460,1762259520000000000,1762259520,1.322045,1.322075,1.321925,1.322215,0
2025-11-04 12:32:00,4188386,1762259520,1762259580000000000,1762259580,1.322085,1.322245,1.321885,1.322245,0
2025-11-04 12:33:00,4188387,1762259580,1762259640000000000,1762259640,1.322225,1.322575,1.322165,1.322645,0
2025-11-04 12:34:00,4188388,1762259640,1762259700000000000,1762259700,1.322555,1.322605,1.322335,1.322605,0
2025-11-04 12:35:00,4188389,1762259700,1762259760000000000,1762259760,1.322625,1.322975,1.322565,1.322985,0
2025-11-04 12:36:00,4188390,1762259760,1762259820000000000,1762259820,1.323025,1.322995,1.322885,1.323105,0
2025-11-04 12:37:00,4188391,1762259820,1762259880000000000,1762259880,1.322985,1.323015,1.322965,1.323195,0
2025-11-04 12:38:00,4188392,1762259880,1762259940000000000,1762259940,1.322985,1.323125,1.322925,1.323175,0
2025-11-04 12:39:00,4188393,1762259940,1762260000000000000,1762260000,1.323135,1.323315,1.322915,1.323315,0
2025-11-04 12:40:00,4188394,1762260000,1762260060000000000,1762260060,1.323315,1.323145,1.323115,1.323465,0
2025-11-04 12:41:00,4188395,1762260060,1762260120000000000,1762260120,1.323125,1.323515,1.322985,1.323525,0
2025-11-04 12:42:00,4188396,1762260120,1762260180000000000,1762260180,1.323455,1.323475,1.323295,1.323675,0
2025-11-04 12:43:00,4188397,1762260180,1762260240000000000,1762260240,1.323485,1.323415,1.323245,1.323625,0
2025-11-04 12:44:00,4188398,1762260240,1762260300000000000,1762260300,1.323395,1.323225,1.323195,1.323435,0
2025-11-04 12:45:00,4188399,1762260300,1762260360000000000,1762260360,1.323215,1.323325,1.323105,1.323455,0
2025-11-04 12:46:00,4188400,1762260360,1762260420000000000,1762260420,1.323335,1.323185,1.323005,1.323345,0
2025-11-04 12:47:00,4188401,1762260420,1762260480000000000,1762260480,1.323225,1.323115,1.323055,1.323545,0
2025-11-04 12:48:00,4188402,1762260480,1762260540000000000,1762260540,1.323115,1.323205,1.322955,1.323265,0
2025-11-04 12:49:00,4188403,1762260540,1762260600000000000,1762260600,1.323215,1.323635,1.323215,1.323735,0
2025-11-04 12:50:00,4188404,1762260600,1762260660000000000,1762260660,1.323645,1.323725,1.323645,1.323955,0
2025-11-04 12:51:00,4188405,1762260660,1762260720000000000,1762260720,1.323725,1.323365,1.323345,1.324125,0
2025-11-04 12:52:00,4188406,1762260720,1762260780000000000,1762260780,1.323365,1.322965,1.322955,1.323365,0
2025-11-04 12:53:00,4188407,1762260780,1762260840000000000,1762260840,1.322985,1.322915,1.322705,1.323045,0
2025-11-04 12:54:00,4188408,1762260840,1762260900000000000,1762260900,1.322925,1.322805,1.322515,1.323005,0
2025-11-04 12:55:00,4188409,1762260900,1762260960000000000,1762260960,1.322795,1.322805,1.322735,1.323005,0
2025-11-04 12:56:00,4188410,1762260960,1762261020000000000,1762261020,1.322725,1.322765,1.322675,1.323035,0
2025-11-04 12:57:00,4188411,1762261020,1762261080000000000,1762261080,1.322755,1.322175,1.322165,1.322755,0
2025-11-04 12:58:00,4188412,1762261080,1762261140000000000,1762261140,1.322165,1.322615,1.322115,1.322635,0
2025-11-04 12:59:00,4188413,1762261140,1762261200000000000,1762261200,1.322605,1.322485,1.322335,1.322765,0
2025-11-04 13:00:00,4188414,1762261200,1762261260000000000,1762261260,1.322495,1.322265,1.322185,1.322495,0
2025-11-04 13:01:00,4188415,1762261260,1762261320000000000,1762261320,1.322285,1.322485,1.322235,1.322485,0
2025-11-04 13:02:00,4188416,1762261320,1762261380000000000,1762261380,1.322495,1.322615,1.322365,1.322665,0
2025-11-04 13:03:00,4188417,1762261380,1762261440000000000,1762261440,1.322615,1.322685,1.322615,1.322895,0
2025-11-04 13:04:00,4188418,1762261440,1762261500000000000,1762261500,1.322735,1.322785,1.322735,1.323105,0
2025-11-04 13:05:00,4188419,1762261500,1762261560000000000,1762261560,1.322775,1.322485,1.322485,1.322925,0
2025-11-04 13:06:00,4188420,1762261560,1762261620000000000,1762261620,1.322495,1.322365,1.322235,1.322525,0
2025-11-04 13:07:00,4188421,1762261620,1762261680000000000,1762261680,1.322375,1.321865,1.321865,1.322375,0
2025-11-04 13:08:00,4188422,1762261680,1762261740000000000,1762261740,1.321835,1.321465,1.321385,1.321885,0
2025-11-04 13:09:00,4188423,1762261740,1762261800000000000,1762261800,1.321465,1.321525,1.321445,1.321865,0
2025-11-04 13:10:00,4188424,1762261800,1762261860000000000,1762261860,1.321535,1.321305,1.321265,1.321685,0
2025-11-04 13:11:00,4188425,1762261860,1762261920000000000,1762261920,1.321315,1.321605,1.321305,1.321755,0
2025-11-04 13:12:00,4188426,1762261920,1762261980000000000,1762261980,1.321535,1.321545,1.321385,1.321725,0
2025-11-04 13:13:00,4188427,1762261980,1762262040000000000,1762262040,1.321545,1.321535,1.321265,1.321545,0
2025-11-04 13:14:00,4188428,1762262040,1762262100000000000,1762262100,1.321575,1.321625,1.321475,1.321755,0
2025-11-04 13:15:00,4188429,1762262100,1762262160000000000,1762262160,1.321625,1.321965,1.321555,1.322025,0
2025-11-04 13:16:00,4188430,1762262160,1762262220000000000,1762262220,1.321995,1.321575,1.321565,1.322095,0
2025-11-04 13:17:00,4188431,1762262220,1762262280000000000,1762262280,1.321625,1.321975,1.321555,1.322065,0
2025-11-04 13:18:00,4188432,1762262280,1762262340000000000,1762262340,1.321975,1.322265,1.321735,1.322265,0
2025-11-04 13:19:00,4188433,1762262340,1762262400000000000,1762262400,1.322255,1.322175,1.322125,1.322455,0
2025-11-04 13:20:00,4188434,1762262400,1762262460000000000,1762262460,1.322185,1.322155,1.321985,1.322225,0
2025-11-04 13:21:00,4188435,1762262460,1762262520000000000,1762262520,1.322175,1.322625,1.322095,1.322625,0
2025-11-04 13:22:00,4188436,1762262520,1762262580000000000,1762262580,1.322615,1.322725,1.322325,1.322765,0
2025-11-04 13:23:00,4188437,1762262580,1762262640000000000,1762262640,1.322745,1.322445,1.322375,1.322745,0
2025-11-04 13:24:00,4188438,1762262640,1762262700000000000,1762262700,1.322445,1.322405,1.322335,1.322845,0
2025-11-04 13:25:00,4188439,1762262700,1762262760000000000,1762262760,1.322395,1.321615,1.321605,1.322395,0
2025-11-04 13:26:00,4188440,1762262760,1762262820000000000,1762262820,1.321675,1.321695,1.321515,1.321825,0
2025-11-04 13:27:00,4188441,1762262820,1762262880000000000,1762262880,1.321695,1.321995,1.321595,1.321995,0
2025-11-04 13:28:00,4188442,1762262880,1762262940000000000,1762262940,1.321995,1.321905,1.321695,1.322085,0
2025-11-04 13:29:00,4188443,1762262940,1762263000000000000,1762263000,1.321915,1.321605,1.321585,1.321965,0
2025-11-04 13:30:00,4188444,1762263000,1762263060000000000,1762263060,1.321585,1.321365,1.321365,1.321635,0
2025-11-04 13:31:00,4188445,1762263060,1762263120000000000,1762263120,1.321375,1.321285,1.321195,1.321475,0
2025-11-04 13:32:00,4188446,1762263120,1762263180000000000,1762263180,1.321295,1.321025,1.320805,1.321345,0
2025-11-04 13:33:00,4188447,1762263180,1762263240000000000,1762263240,1.321045,1.320915,1.320815,1.321115,0
2025-11-04 13:34:00,4188448,1762263240,1762263300000000000,1762263300,1.320975,1.321185,1.320975,1.321555,0
2025-11-04 13:35:00,4188449,1762263300,1762263360000000000,1762263360,1.321205,1.321145,1.321145,1.321425,0
2025-11-04 13:36:00,4188450,1762263360,1762263420000000000,1762263420,1.321135,1.320795,1.320675,1.321165,0
2025-11-04 13:37:00,4188451,1762263420,1762263480000000000,1762263480,1.320785,1.320695,1.320585,1.320945,0
2025-11-04 13:38:00,4188452,1762263480,1762263540000000000,1762263540,1.320735,1.321555,1.320705,1.321555,0
2025-11-04 13:39:00,4188453,1762263540,1762263600000000000,1762263600,1.321655,1.321145,1.321045,1.321655,0
2025-11-04 13:40:00,4188454,1762263600,1762263660000000000,1762263660,1.321145,1.321435,1.321135,1.321505,0
2025-11-04 13:41:00,4188455,1762263660,1762263720000000000,1762263720,1.321435,1.321095,1.321095,1.321555,0
2025-11-04 13:42:00,4188456,1762263720,1762263780000000000,1762263780,1.321075,1.320815,1.320655,1.321195,0
2025-11-04 13:43:00,4188457,1762263780,1762263840000000000,1762263840,1.320775,1.320355,1.320265,1.320915,0
2025-11-04 13:44:00,4188458,1762263840,1762263900000000000,1762263900,1.320345,1.320235,1.320205,1.320425,0
2025-11-04 13:45:00,4188459,1762263900,1762263960000000000,1762263960,1.320195,1.320175,1.320095,1.320335,0
2025-11-04 13:46:00,4188460,1762263960,1762264020000000000,1762264020,1.320165,1.320225,1.320135,1.320425,0
2025-11-04 13:47:00,4188461,1762264020,1762264080000000000,1762264080,1.320185,1.320545,1.320165,1.320545,0
2025-11-04 13:48:00,4188462,1762264080,1762264140000000000,1762264140,1.320545,1.320475,1.320255,1.320545,0
2025-11-04 13:49:00,4188463,1762264140,1762264200000000000,1762264200,1.320465,1.320595,1.320345,1.320755,0
2025-11-04 13:50:00,4188464,1762264200,1762264260000000000,1762264260,1.320615,1.320585,1.320475,1.320905,0
2025-11-04 13:51:00,4188465,1762264260,1762264320000000000,1762264320,1.320595,1.321255,1.320595,1.321365,0
2025-11-04 13:52:00,4188466,1762264320,1762264380000000000,1762264380,1.321305,1.320585,1.320495,1.321315,0
2025-11-04 13:53:00,4188467,1762264380,1762264440000000000,1762264440,1.320575,1.320865,1.320475,1.320965,0
2025-11-04 13:54:00,4188468,1762264440,1762264500000000000,1762264500,1.320875,1.320695,1.320695,1.320995,0
2025-11-04 13:55:00,4188469,1762264500,1762264560000000000,1762264560,1.320695,1.320745,1.320485,1.320785,0
2025-11-04 13:56:00,4188470,1762264560,1762264620000000000,1762264620,1.320755,1.320705,1.320635,1.321065,0
2025-11-04 13:57:00,4188471,1762264620,1762264680000000000,1762264680,1.320695,1.320355,1.320275,1.320695,0
2025-11-04 13:58:00,4188472,1762264680,1762264740000000000,1762264740,1.320345,1.319925,1.319815,1.320495,0
2025-11-04 13:59:00,4188473,1762264740,1762264800000000000,1762264800,1.319875,1.319985,1.319625,1.320045,0
2025-11-04 14:00:00,4188474,1762264800,1762264860000000000,1762264860,1.319885,1.319795,1.319655,1.319995,0
2025-11-04 14:01:00,4188475,1762264860,1762264920000000000,1762264920,1.319805,1.319355,1.319345,1.319845,0
2025-11-04 14:02:00,4188476,1762264920,1762264980000000000,1762264980,1.319375,1.319825,1.319375,1.319825,0
2025-11-04 14:03:00,4188477,1762264980,1762265040000000000,1762265040,1.319825,1.319895,1.319785,1.320005,0
2025-11-04 14:04:00,4188478,1762265040,1762265100000000000,1762265100,1.319905,1.320055,1.319755,1.320055,0
2025-11-04 14:05:00,4188479,1762265100,1762265160000000000,1762265160,1.320015,1.319705,1.319705,1.320175,0
2025-11-04 14:06:00,4188480,1762265160,1762265220000000000,1762265220,1.319695,1.319635,1.319535,1.319815,0
2025-11-04 14:07:00,4188481,1762265220,1762265280000000000,1762265280,1.319625,1.319895,1.319485,1.319895,0
2025-11-04 14:08:00,4188482,1762265280,1762265340000000000,1762265340,1.319985,1.319715,1.319685,1.320095,0
2025-11-04 14:09:00,4188483,1762265340,1762265400000000000,1762265400,1.319715,1.319775,1.319625,1.319815,0
2025-11-04 14:10:00,4188484,1762265400,1762265460000000000,1762265460,1.319765,1.319695,1.319415,1.319765,0
2025-11-04 14:11:00,4188485,1762265460,1762265520000000000,1762265520,1.319685,1.319805,1.319565,1.319805,0
2025-11-04 14:12:00,4188486,1762265520,1762265580000000000,1762265580,1.319795,1.319565,1.319525,1.319995,0
2025-11-04 14:13:00,4188487,1762265580,1762265640000000000,1762265640,1.319575,1.319805,1.319575,1.319875,0
2025-11-04 14:14:00,4188488,1762265640,1762265700000000000,1762265700,1.319785,1.319745,1.319675,1.320175,0
2025-11-04 14:15:00,4188489,1762265700,1762265760000000000,1762265760,1.319715,1.320305,1.319645,1.320335,0
2025-11-04 14:16:00,4188490,1762265760,1762265820000000000,1762265820,1.320355,1.320475,1.320355,1.320635,0
2025-11-04 14:17:00,4188491,1762265820,1762265880000000000,1762265880,1.320505,1.320295,1.320245,1.320605,0
2025-11-04 14:18:00,4188492,1762265880,1762265940000000000,1762265940,1.320305,1.320605,1.320245,1.320625,0
2025-11-04 14:19:00,4188493,1762265940,1762266000000000000,1762266000,1.320605,1.320615,1.320425,1.320715,0
2025-11-04 14:20:00,4188494,1762266000,1762266060000000000,1762266060,1.320585,1.321065,1.320535,1.321105,0
2025-11-04 14:21:00,4188495,1762266060,1762266120000000000,1762266120,1.320995,1.320745,1.320405,1.320995,0
2025-11-04 14:22:00,4188496,1762266120,1762266180000000000,1762266180,1.320765,1.320775,1.320675,1.320895,0
2025-11-04 14:23:00,4188497,1762266180,1762266240000000000,1762266240,1.320785,1.321275,1.320775,1.321395,0
2025-11-04 14:24:00,4188498,1762266240,1762266300000000000,1762266300,1.321265,1.321325,1.321205,1.321535,0
2025-11-04 14:25:00,4188499,1762266300,1762266360000000000,1762266360,1.321345,1.321225,1.320905,1.321355,0
2025-11-04 14:26:00,4188500,1762266360,1762266420000000000,1762266420,1.321225,1.321425,1.321175,1.321555,0
2025-11-04 14:27:00,4188501,1762266420,1762266480000000000,1762266480,1.321425,1.321445,1.321175,1.321555,0
2025-11-04 14:28:00,4188502,1762266480,1762266540000000000,1762266540,1.321445,1.321425,1.321275,1.321605,0
2025-11-04 14:29:00,4188503,1762266540,1762266600000000000,1762266600,1.321445,1.321275,1.320885,1.321445,0
2025-11-04 14:30:00,4188504,1762266600,1762266660000000000,1762266660,1.321205,1.321505,1.321145,1.321555,0
2025-11-04 14:31:00,4188505,1762266660,1762266720000000000,1762266720,1.321515,1.321385,1.321315,1.321625,0
2025-11-04 14:32:00,4188506,1762266720,1762266780000000000,1762266780,1.321395,1.321695,1.321375,1.321735,0
2025-11-04 14:33:00,4188507,1762266780,1762266840000000000,1762266840,1.321705,1.321375,1.321175,1.321705,0
2025-11-04 14:34:00,4188508,1762266840,1762266900000000000,1762266900,1.321365,1.321535,1.321195,1.321535,0
2025-11-04 14:35:00,4188509,1762266900,1762266960000000000,1762266960,1.321465,1.321425,1.321375,1.321515,0
2025-11-04 14:36:00,4188510,1762266960,1762267020000000000,1762267020,1.321415,1.321275,1.321235,1.321505,0
2025-11-04 14:37:00,4188511,1762267020,1762267080000000000,1762267080,1.321255,1.320665,1.320615,1.321275,0
2025-11-04 14:38:00,4188512,1762267080,1762267140000000000,1762267140,1.320675,1.320965,1.320675,1.320965,0
2025-11-04 14:39:00,4188513,1762267140,1762267200000000000,1762267200,1.320925,1.321025,1.320885,1.321375,0
2025-11-04 14:40:00,4188514,1762267200,1762267260000000000,1762267260,1.320995,1.321295,1.320925,1.321365,0
2025-11-04 14:41:00,4188515,1762267260,1762267320000000000,1762267320,1.321275,1.321325,1.321025,1.321355,0
2025-11-04 14:42:00,4188516,1762267320,1762267380000000000,1762267380,1.321335,1.321095,1.320965,1.321515,0
2025-11-04 14:43:00,4188517,1762267380,1762267440000000000,1762267440,1.321105,1.321185,1.320935,1.321255,0
2025-11-04 14:44:00,4188518,1762267440,1762267500000000000,1762267500,1.321245,1.321145,1.321005,1.321255,0
2025-11-04 14:45:00,4188519,1762267500,1762267560000000000,1762267560,1.321145,1.320825,1.320755,1.321205,0
2025-11-04 14:46:00,4188520,1762267560,1762267620000000000,1762267620,1.320815,1.320675,1.320675,1.320905,0
2025-11-04 14:47:00,4188521,1762267620,1762267680000000000,1762267680,1.320665,1.320295,1.320225,1.320675,0
2025-11-04 14:48:00,4188522,1762267680,1762267740000000000,1762267740,1.320365,1.320295,1.320095,1.320595,0
2025-11-04 14:49:00,4188523,1762267740,1762267800000000000,1762267800,1.320305,1.320295,1.320265,1.320615,0
2025-11-04 14:50:00,4188524,1762267800,1762267860000000000,1762267860,1.320285,1.320325,1.320085,1.320425,0
2025-11-04 14:51:00,4188525,1762267860,1762267920000000000,1762267920,1.320435,1.320345,1.320255,1.320555,0
2025-11-04 14:52:00,4188526,1762267920,1762267980000000000,1762267980,1.320365,1.320525,1.320335,1.320545,0
2025-11-04 14:53:00,4188527,1762267980,1762268040000000000,1762268040,1.320565,1.320205,1.320035,1.320885,0
2025-11-04 14:54:00,4188528,1762268040,1762268100000000000,1762268100,1.320195,1.320565,1.320195,1.320655,0
2025-11-04 14:55:00,4188529,1762268100,1762268160000000000,1762268160,1.320575,1.320965,1.320475,1.321085,0
2025-11-04 14:56:00,4188530,1762268160,1762268220000000000,1762268220,1.320875,1.320725,1.320585,1.321035,0
2025-11-04 14:57:00,4188531,1762268220,1762268280000000000,1762268280,1.320735,1.320885,1.320445,1.320955,0
2025-11-04 14:58:00,4188532,1762268280,1762268340000000000,1762268340,1.320875,1.320765,1.320655,1.320955,0
2025-11-04 14:59:00,4188533,1762268340,1762268400000000000,1762268400,1.320755,1.320985,1.320685,1.321075,0
2025-11-04 15:00:00,4188534,1762268400,1762268460000000000,1762268460,1.320995,1.320505,1.320475,1.320995,0
2025-11-04 15:01:00,4188535,1762268460,1762268520000000000,1762268520,1.320465,1.320845,1.320355,1.320925,0
2025-11-04 15:02:00,4188536,1762268520,1762268580000000000,1762268580,1.320855,1.320515,1.320455,1.320935,0
2025-11-04 15:03:00,4188537,1762268580,1762268640000000000,1762268640,1.320515,1.320935,1.320285,1.321085,0
2025-11-04 15:04:00,4188538,1762268640,1762268700000000000,1762268700,1.320945,1.321165,1.320925,1.321165,0
2025-11-04 15:05:00,4188539,1762268700,1762268760000000000,1762268760,1.321145,1.320805,1.320785,1.321285,0
2025-11-04 15:06:00,4188540,1762268760,1762268820000000000,1762268820,1.320815,1.320775,1.320765,1.321045,0
2025-11-04 15:07:00,4188541,1762268820,1762268880000000000,1762268880,1.320765,1.320785,1.320715,1.320905,0
2025-11-04 15:08:00,4188542,1762268880,1762268940000000000,1762268940,1.320785,1.320955,1.320675,1.320975,0
2025-11-04 15:09:00,4188543,1762268940,1762269000000000000,1762269000,1.320945,1.320945,1.320755,1.320985,0
2025-11-04 15:10:00,4188544,1762269000,1762269060000000000,1762269060,1.320945,1.320915,1.320725,1.321225,0
2025-11-04 15:11:00,4188545,1762269060,1762269120000000000,1762269120,1.320905,1.320755,1.320525,1.320925,0
2025-11-04 15:12:00,4188546,1762269120,1762269180000000000,1762269180,1.320745,1.320425,1.320405,1.320815,0
2025-11-04 15:13:00,4188547,1762269180,1762269240000000000,1762269240,1.320395,1.319775,1.319775,1.320405,0
2025-11-04 15:14:00,4188548,1762269240,1762269300000000000,1762269300,1.319765,1.319645,1.319515,1.319825,0
2025-11-04 15:15:00,4188549,1762269300,1762269360000000000,1762269360,1.319665,1.319325,1.319175,1.319665,0
2025-11-04 15:16:00,4188550,1762269360,1762269420000000000,1762269420,1.319315,1.319825,1.319255,1.319925,0
2025-11-04 15:17:00,4188551,1762269420,1762269480000000000,1762269480,1.319815,1.319915,1.319715,1.320035,0
2025-11-04 15:18:00,4188552,1762269480,1762269540000000000,1762269540,1.319955,1.320305,1.319865,1.320345,0
2025-11-04 15:19:00,4188553,1762269540,1762269600000000000,1762269600,1.320335,1.320255,1.320165,1.320585,0
2025-11-04 15:20:00,4188554,1762269600,1762269660000000000,1762269660,1.320245,1.320175,1.320035,1.320305,0
2025-11-04 15:21:00,4188555,1762269660,1762269720000000000,1762269720,1.320205,1.319785,1.319755,1.320205,0
2025-11-04 15:22:00,4188556,1762269720,1762269780000000000,1762269780,1.319775,1.319485,1.319455,1.319865,0
2025-11-04 15:23:00,4188557,1762269780,1762269840000000000,1762269840,1.319495,1.319295,1.319165,1.319495,0
2025-11-04 15:24:00,4188558,1762269840,1762269900000000000,1762269900,1.319285,1.319095,1.319085,1.319405,0
2025-11-04 15:25:00,4188559,1762269900,1762269960000000000,1762269960,1.319105,1.319045,1.319015,1.319335,0
2025-11-04 15:26:00,4188560,1762269960,1762270020000000000,1762270020,1.319035,1.318755,1.318595,1.319065,0
2025-11-04 15:27:00,4188561,1762270020,1762270080000000000,1762270080,1.318655,1.318685,1.318575,1.318855,0
2025-11-04 15:28:00,4188562,1762270080,1762270140000000000,1762270140,1.318665,1.318795,1.318535,1.318875,0
2025-11-04 15:29:00,4188563,1762270140,1762270200000000000,1762270200,1.318775,1.318635,1.318365,1.318865,0
2025-11-04 15:30:00,4188564,1762270200,1762270260000000000,1762270260,1.318645,1.318335,1.318275,1.318645,0
2025-11-04 15:31:00,4188565,1762270260,1762270320000000000,1762270320,1.318355,1.318085,1.317925,1.318355,0
2025-11-04 15:32:00,4188566,1762270320,1762270380000000000,1762270380,1.318085,1.318605,1.317955,1.318635,0
2025-11-04 15:33:00,4188567,1762270380,1762270440000000000,1762270440,1.318555,1.318335,1.318295,1.318575,0
2025-11-04 15:34:00,4188568,1762270440,1762270500000000000,1762270500,1.318325,1.318035,1.317975,1.318325,0
2025-11-04 15:35:00,4188569,1762270500,1762270560000000000,1762270560,1.318035,1.317985,1.317815,1.318155,0
2025-11-04 15:36:00,4188570,1762270560,1762270620000000000,1762270620,1.317935,1.318125,1.317815,1.318135,0
2025-11-04 15:37:00,4188571,1762270620,1762270680000000000,1762270680,1.318135,1.318085,1.318015,1.318315,0
2025-11-04 15:38:00,4188572,1762270680,1762270740000000000,1762270740,1.318095,1.318365,1.318015,1.318465,0
2025-11-04 15:39:00,4188573,1762270740,1762270800000000000,1762270800,1.318385,1.318165,1.318105,1.318395,0
2025-11-04 15:40:00,4188574,1762270800,1762270860000000000,1762270860,1.318145,1.318085,1.318045,1.318245,0
2025-11-04 15:41:00,4188575,1762270860,1762270920000000000,1762270920,1.318175,1.318085,1.317815,1.318225,0
2025-11-04 15:42:00,4188576,1762270920,1762270980000000000,1762270980,1.318055,1.317485,1.317475,1.318095,0
2025-11-04 15:43:00,4188577,1762270980,1762271040000000000,1762271040,1.317475,1.317425,1.317155,1.317515,0
2025-11-04 15:44:00,4188578,1762271040,1762271100000000000,1762271100,1.317425,1.317515,1.317375,1.317585,0
2025-11-04 15:45:00,4188579,1762271100,1762271160000000000,1762271160,1.317495,1.317615,1.317485,1.317915,0
2025-11-04 15:46:00,4188580,1762271160,1762271220000000000,1762271220,1.317635,1.317565,1.317245,1.317675,0
2025-11-04 15:47:00,4188581,1762271220,1762271280000000000,1762271280,1.317585,1.317785,1.317565,1.317955,0
2025-11-04 15:48:00,4188582,1762271280,1762271340000000000,1762271340,1.317755,1.317895,1.317755,1.318055,0
2025-11-04 15:49:00,4188583,1762271340,1762271400000000000,1762271400,1.317895,1.318075,1.317815,1.318185,0
2025-11-04 15:50:00,4188584,1762271400,1762271460000000000,1762271460,1.318065,1.318815,1.317995,1.318895,0
2025-11-04 15:51:00,4188585,1762271460,1762271520000000000,1762271520,1.318765,1.319025,1.318675,1.319275,0
2025-11-04 15:52:00,4188586,1762271520,1762271580000000000,1762271580,1.319045,1.319285,1.318945,1.319605,0
2025-11-04 15:53:00,4188587,1762271580,1762271640000000000,1762271640,1.319295,1.319075,1.319075,1.319485,0
2025-11-04 15:54:00,4188588,1762271640,1762271700000000000,1762271700,1.319085,1.319485,1.318665,1.319495,0
2025-11-04 15:55:00,4188589,1762271700,1762271760000000000,1762271760,1.319565,1.319635,1.319435,1.319835,0
2025-11-04 15:56:00,4188590,1762271760,1762271820000000000,1762271820,1.319645,1.319415,1.319315,1.319685,0
2025-11-04 15:57:00,4188591,1762271820,1762271880000000000,1762271880,1.319395,1.319035,1.319035,1.319525,0
2025-11-04 15:58:00,4188592,1762271880,1762271940000000000,1762271940,1.319035,1.319145,1.318915,1.319145,0
2025-11-04 15:59:00,4188593,1762271940,1762272000000000000,1762272000,1.319135,1.318825,1.318655,1.319145,0
2025-11-04 16:00:00,4188594,1762272000,1762272060000000000,1762272060,1.318855,1.318845,1.318575,1.318955,0
2025-11-04 16:01:00,4188595,1762272060,1762272120000000000,1762272120,1.318855,1.318365,1.318245,1.318855,0
2025-11-04 16:02:00,4188596,1762272120,1762272180000000000,1762272180,1.318415,1.318015,1.317975,1.318415,0
2025-11-04 16:03:00,4188597,1762272180,1762272240000000000,1762272240,1.318035,1.318245,1.317905,1.318275,0
2025-11-04 16:04:00,4188598,1762272240,1762272300000000000,1762272300,1.318295,1.318415,1.318075,1.318415,0
2025-11-04 16:05:00,4188599,1762272300,1762272360000000000,1762272360,1.318415,1.318065,1.318045,1.318505,0
2025-11-04 16:06:00,4188600,1762272360,1762272420000000000,1762272420,1.318055,1.317895,1.317755,1.318065,0
2025-11-04 16:07:00,4188601,1762272420,1762272480000000000,1762272480,1.317855,1.317835,1.317745,1.317945,0
2025-11-04 16:08:00,4188602,1762272480,1762272540000000000,1762272540,1.317845,1.317835,1.317635,1.317955,0
2025-11-04 16:09:00,4188603,1762272540,1762272600000000000,1762272600,1.317795,1.317705,1.317605,1.318005,0
2025-11-04 16:10:00,4188604,1762272600,1762272660000000000,1762272660,1.317705,1.317405,1.317365,1.317705,0
2025-11-04 16:11:00,4188605,1762272660,1762272720000000000,1762272720,1.317215,1.317385,1.317155,1.317425,0
2025-11-04 16:12:00,4188606,1762272720,1762272780000000000,1762272780,1.317375,1.317395,1.317375,1.317655,0
2025-11-04 16:13:00,4188607,1762272780,1762272840000000000,1762272840,1.317355,1.317585,1.317355,1.317645,0
2025-11-04 16:14:00,4188608,1762272840,1762272900000000000,1762272900,1.317615,1.317525,1.317385,1.317875,0
2025-11-04 16:15:00,4188609,1762272900,1762272960000000000,1762272960,1.317535,1.317315,1.317315,1.317675,0
2025-11-04 16:16:00,4188610,1762272960,1762273020000000000,1762273020,1.317315,1.316685,1.316665,1.317315,0
2025-11-04 16:17:00,4188611,1762273020,1762273080000000000,1762273080,1.316675,1.316545,1.316355,1.316855,0
2025-11-04 16:18:00,4188612,1762273080,1762273140000000000,1762273140,1.316535,1.316515,1.316385,1.316625,0
2025-11-04 16:19:00,4188613,1762273140,1762273200000000000,1762273200,1.316505,1.316475,1.316315,1.316695,0
2025-11-04 16:20:00,4188614,1762273200,1762273260000000000,1762273260,1.316405,1.316005,1.315895,1.316445,0
2025-11-04 16:21:00,4188615,1762273260,1762273320000000000,1762273320,1.315935,1.316355,1.315935,1.316445,0
2025-11-04 16:22:00,4188616,1762273320,1762273380000000000,1762273380,1.316365,1.315885,1.315885,1.316395,0
2025-11-04 16:23:00,4188617,1762273380,1762273440000000000,1762273440,1.315875,1.316065,1.315765,1.316125,0
2025-11-04 16:24:00,4188618,1762273440,1762273500000000000,1762273500,1.316085,1.316185,1.315965,1.316235,0
2025-11-04 16:25:00,4188619,1762273500,1762273560000000000,1762273560,1.316215,1.316275,1.316125,1.316455,0
2025-11-04 16:26:00,4188620,1762273560,1762273620000000000,1762273620,1.316285,1.316705,1.316205,1.316755,0
2025-11-04 16:27:00,4188621,1762273620,1762273680001400636,1762273680,1.316695,1.316615,1.316355,1.316815,0
2025-11-04 16:28:00,4188622,1762273680,1762273740000000000,1762273740,1.316605,1.316615,1.316435,1.316775,0
2025-11-04 16:29:00,4188623,1762273740,1762273800000000000,1762273800,1.316605,1.316725,1.316355,1.316785,0
2025-11-04 16:30:00,4188624,1762273800,1762273860000000000,1762273860,1.316745,1.316515,1.316385,1.316915,0
2025-11-04 16:31:00,4188625,1762273860,1762273920000000000,1762273920,1.316515,1.316635,1.316405,1.316635,0
2025-11-04 16:32:00,4188626,1762273920,1762273980000000000,1762273980,1.316645,1.316805,1.316585,1.316995,0
2025-11-04 16:33:00,4188627,1762273980,1762274040000000000,1762274040,1.316815,1.317095,1.316775,1.317235,0
2025-11-04 16:34:00,4188628,1762274040,1762274100000000000,1762274100,1.317025,1.317025,1.316705,1.317115,0
2025-11-04 16:35:00,4188629,1762274100,1762274160000000000,1762274160,1.317015,1.317305,1.316965,1.317325,0
2025-11-04 16:36:00,4188630,1762274160,1762274220002522544,1762274220,1.317355,1.317425,1.317255,1.317675,0
2025-11-04 16:37:00,4188631,1762274220,1762274280000000000,1762274280,1.317435,1.317235,1.317025,1.317565,0
2025-11-04 16:38:00,4188632,1762274280,1762274340000000000,1762274340,1.317225,1.317765,1.317225,1.317975,0
2025-11-04 16:39:00,4188633,1762274340,1762274400000000000,1762274400,1.317775,1.317425,1.317415,1.317835,0
2025-11-04 16:40:00,4188634,1762274400,1762274460000000000,1762274460,1.317435,1.317525,1.317115,1.317595,0
2025-11-04 16:41:00,4188635,1762274460,1762274520000000000,1762274520,1.317515,1.318025,1.317515,1.318025,0
2025-11-04 16:42:00,4188636,1762274520,1762274580000000000,1762274580,1.318015,1.318225,1.318005,1.318235,0
2025-11-04 16:43:00,4188637,1762274580,1762274640000000000,1762274640,1.318235,1.318025,1.318015,1.318375,0
2025-11-04 16:44:00,4188638,1762274640,1762274700000000000,1762274700,1.318015,1.318395,1.317835,1.318425,0
2025-11-04 16:45:00,4188639,1762274700,1762274760000000000,1762274760,1.318405,1.318745,1.318335,1.318805,0
2025-11-04 16:46:00,4188640,1762274760,1762274820000000000,1762274820,1.318765,1.318535,1.318515,1.318865,0
2025-11-04 16:47:00,4188641,1762274820,1762274880000000000,1762274880,1.318525,1.318425,1.318385,1.318555,0
2025-11-04 16:48:00,4188642,1762274880,1762274940000000000,1762274940,1.318445,1.318345,1.318235,1.318465,0
2025-11-04 16:49:00,4188643,1762274940,1762275000000000000,1762275000,1.318335,1.318575,1.318335,1.318725,0
2025-11-04 16:50:00,4188644,1762275000,1762275060000000000,1762275060,1.318555,1.319215,1.318555,1.319215,0
2025-11-04 16:51:00,4188645,1762275060,1762275120000000000,1762275120,1.319215,1.319355,1.319115,1.319465,0
2025-11-04 16:52:00,4188646,1762275120,1762275180000000000,1762275180,1.319425,1.319675,1.319405,1.319705,0
2025-11-04 16:53:00,4188647,1762275180,1762275187000000000,1762275240,1.319665,1.319525,1.319525,1.319665,0
